id,common_name,species,lineage,clade,aliases
ginkgo-nut,ginkgo nut,Ginkgo biloba,Ginkgoaceae,plant,ginkgo nut
mormon-tea,Mormon tea,Ephedra nevadensis,Ephedraceae,plant,
melinjo,melinjo (emping),Gnetum gnemon,Gnetaceae,plant,emping
eru,eru (okazi leaf),Gnetum africanum,Gnetaceae,plant,okazi leaf
sago-cycad,sago cycad (processed),Cycas revoluta,Cycadaceae,plant,
queen-sago,queen sago (processed),Cycas circinalis,Cycadaceae,plant,
coontie,coontie (Florida arrowroot),Zamia integrifolia,Zamiaceae,plant,Florida arrowroot
burrawang,burrawang (processed),Macrozamia communis,Zamiaceae,plant,
chamal,chamal (processed),Dioon edule,Zamiaceae,plant,
balsam-fir,balsam fir (tips),Abies balsamea,Pinaceae,plant,
white-spruce,white spruce (tips),Picea glauca,Pinaceae,plant,
norway-spruce,Norway spruce (tips),Picea abies,Pinaceae,plant,
chinese-white-pine,Chinese white pine (nut),Pinus armandii,Pinaceae,plant,
swiss-stone-pine,Swiss stone pine,Pinus cembra,Pinaceae,plant,
siberian-pine,Siberian pine (cedar nut),Pinus sibirica,Pinaceae,plant,cedar nut
korean-pine,Korean pine (pine nut),Pinus koraiensis,Pinaceae,plant,pine nut;Korean pine nut
chilgoza-pine,chilgoza pine,Pinus gerardiana,Pinaceae,plant,
colorado-pinyon,Colorado pinyon,Pinus edulis,Pinaceae,plant,
single-leaf-pinyon,single-leaf pinyon,Pinus monophylla,Pinaceae,plant,
stone-pine,stone pine (pine nut),Pinus pinea,Pinaceae,plant,pine nut;pignoli;pinoli
scots-pine,"Scots pine (inner bark, needles)",Pinus sylvestris,Pinaceae,plant,
tamarack,tamarack (inner bark),Larix laricina,Pinaceae,plant,
douglas-fir,Douglas fir (tips),Pseudotsuga menziesii,Pinaceae,plant,
chinese-torreya-nut,Chinese torreya nut,Torreya grandis,Taxaceae,plant,
kaya-nut,kaya nut,Torreya nucifera,Taxaceae,plant,
common-juniper,common juniper (berry),Juniperus communis,Cupressaceae,plant,juniper berry;gin
bunya-pine,bunya pine,Araucaria bidwillii,Araucariaceae,plant,
monkey-puzzle,monkey puzzle (piñón),Araucaria araucana,Araucariaceae,plant,piñón;piñón chileno;piñones chilenos;piñón de araucaria;pehuén;ngülliu;piñón mapuche
parana-pine,Paraná pine (pinhão),Araucaria angustifolia,Araucariaceae,plant,pinhão;piñón brasileño;piñón del paraná;piñón de brasil;piñón misionero
kusamaki,kusamaki (fleshy receptacle),Podocarpus macrophyllus,Podocarpaceae,plant,
watershield,watershield (junsai),Brasenia schreberi,Cabombaceae,plant,junsai
yellow-water-lily,yellow water lily (seeds),Nuphar lutea,Nymphaeaceae,plant,
blue-water-lily,blue water lily (shapla),Nymphaea nouchali,Nymphaeaceae,plant,shapla
fox-nut,fox nut (makhana),Euryale ferox,Nymphaeaceae,plant,makhana
egyptian-white-water-lily,Egyptian white water lily,Nymphaea lotus,Nymphaeaceae,plant,
five-flavour-berry,five-flavour berry (omija),Schisandra chinensis,Schisandraceae,plant,omija
star-anise,star anise,Illicium verum,Schisandraceae,plant,anís estrellado;anís estrella;badiana
fish-mint,fish mint,Houttuynia cordata,Saururaceae,plant,
voatsiperifery,voatsiperifery,Piper borbonense,Piperaceae,plant,
ashanti-pepper,Ashanti pepper (uziza),Piper guineense,Piperaceae,plant,uziza
kava,kava,Piper methysticum,Piperaceae,plant,kava;kawa;té de kava
betel-leaf,betel leaf,Piper betle,Piperaceae,plant,betel;buyo hoja;paan;pan de betel
wild-betel,wild betel (cha phlu),Piper sarmentosum,Piperaceae,plant,cha phlu
long-pepper,long pepper,Piper longum,Piperaceae,plant,
javanese-long-pepper,Javanese long pepper,Piper retrofractum,Piperaceae,plant,
black-pepper,black pepper,Piper nigrum,Piperaceae,plant,black pepper;pepper;peppercorn;white pepper;pimienta
cubeb,cubeb,Piper cubeba,Piperaceae,plant,
hoja-santa,hoja santa,Piper auritum,Piperaceae,plant,hoja santa;hojas santas;acuyo;hierba santa;tlanepa;hoja de anís
shiny-bush,shiny bush (pansit-pansitan),Peperomia pellucida,Piperaceae,plant,pansit-pansitan
pepper-bark-tree,pepper-bark tree,Warburgia ugandensis,Canellaceae,plant,
wild-cinnamon,wild cinnamon,Canella winterana,Canellaceae,plant,
canelo,canelo,Drimys winteri,Winteraceae,plant,canelo;foye
tasmanian-pepperberry,Tasmanian pepperberry,Tasmannia lanceolata,Winteraceae,plant,
biriba,biribá,Annona mucosa,Annonaceae,plant,biribá;anón amazónico;anona amazónica;chirimoya brasileña;anona de brasil
custard-apple,custard apple,Annona reticulata,Annonaceae,plant,anona;mamón anona
cherimoya,cherimoya,Annona cherimola,Annonaceae,plant,chirimoya;cherimoya;chirimoyo
sugar-apple,sugar apple,Annona squamosa,Annonaceae,plant,anón;saramuyo;anona blanca;fruta del conde
soursop,soursop,Annona muricata,Annonaceae,plant,guanábana;graviola;catuche;catoche
pawpaw,pawpaw,Asimina triloba,Annonaceae,plant,
calabash-nutmeg,calabash nutmeg (ehuru),Monodora myristica,Annonaceae,plant,ehuru
finger-root,finger root (bush banana),Uvaria chamae,Annonaceae,plant,bush banana
grains-of-selim,grains of Selim,Xylopia aethiopica,Annonaceae,plant,
southern-magnolia,southern magnolia (petals),Magnolia grandiflora,Magnoliaceae,plant,
papuan-nutmeg,Papuan nutmeg,Myristica argentea,Myristicaceae,plant,
nutmeg,nutmeg / mace,Myristica fragrans,Myristicaceae,plant,mace;nutmeg;nuez moscada;macis;moscada
southern-sassafras,southern sassafras,Atherosperma moschatum,Atherospermataceae,plant,
boldo,boldo,Peumus boldus,Monimiaceae,plant,boldo;té de boldo
avocado,avocado,Persea americana,Lauraceae,plant,avocado;guacamole;aguacate;palta;cura;guacamol;salsa de aguacate
chinene,chinene,Persea schiedeana,Lauraceae,plant,chinene;chinini;pagua;coyó;yas;aguacate de anís;chinín
spicebush,spicebush,Lindera benzoin,Lauraceae,plant,
bay-laurel,bay laurel,Laurus nobilis,Lauraceae,plant,bay leaf;bay;laurel
may-chang,may chang,Litsea cubeba,Lauraceae,plant,
sassafras,sassafras (filé),Sassafras albidum,Lauraceae,plant,filé
cassia,cassia,Cinnamomum cassia,Lauraceae,plant,canela cassia;canela china;casia
saigon-cinnamon,Saigon cinnamon,Cinnamomum loureiroi,Lauraceae,plant,
ceylon-cinnamon,Ceylon cinnamon,Cinnamomum verum,Lauraceae,plant,cinnamon;canela
indonesian-cinnamon,Indonesian cinnamon,Cinnamomum burmannii,Lauraceae,plant,
tejpat,tejpat (Indian bay),Cinnamomum tamala,Lauraceae,plant,Indian bay
california-bay,California bay,Umbellularia californica,Lauraceae,plant,
sweet-flag,sweet flag,Acorus calamus,Acoraceae,plant,
taro,taro,Colocasia esculenta,Araceae,plant,taro;poi;dasheen;malanga isleña;papa china;papa japonesa;ocumo chino;pituca;quequisque chino;eddoe;bituca;gualuza;malanga china;dalo;otoe
giant-taro,giant taro,Alocasia macrorrhizos,Araceae,plant,
elephant-foot-yam,elephant foot yam,Amorphophallus paeoniifolius,Araceae,plant,
konjac,konjac,Amorphophallus konjac,Araceae,plant,
malanga,malanga (yautía),Xanthosoma sagittifolium,Araceae,plant,yautía;malanga;ocumo;quequisque;macal;tiquisque;tannia;mafafa;otoy;rascadera;pelma;bore;mangareto
swamp-taro,swamp taro (pulaka),Cyrtosperma merkusii,Araceae,plant,pulaka
monstera-fruit,monstera fruit,Monstera deliciosa,Araceae,plant,
watermeal,watermeal (khai-nam),Wolffia globosa,Araceae,plant,khai-nam
arrowhead,arrowhead (cigu),Sagittaria sagittifolia,Alismataceae,plant,cigu
wapato,wapato,Sagittaria latifolia,Alismataceae,plant,flecha de agua;sagitaria;wapato;papa de pato
ottelia,ottelia,Ottelia alismoides,Hydrocharitaceae,plant,
waterblommetjie,waterblommetjie,Aponogeton distachyos,Aponogetonaceae,plant,
eelgrass,eelgrass (seeds),Zostera marina,Zosteraceae,plant,
karuka-nut,karuka nut,Pandanus julianettii,Pandanaceae,plant,
screwpine,screwpine (hala fruit),Pandanus tectorius,Pandanaceae,plant,hala fruit
red-fruit,red fruit (buah merah),Pandanus conoideus,Pandanaceae,plant,buah merah
pandan,pandan,Pandanus amaryllifolius,Pandanaceae,plant,
polynesian-arrowroot,Polynesian arrowroot,Tacca leontopetaloides,Dioscoreaceae,plant,
yellow-yam,yellow yam,Dioscorea cayenensis,Dioscoreaceae,plant,ñame amarillo
white-guinea-yam,white Guinea yam,Dioscorea rotundata,Dioscoreaceae,plant,ñame blanco;ñame africano
air-potato,air potato,Dioscorea bulbifera,Dioscoreaceae,plant,
bitter-yam,bitter yam,Dioscorea dumetorum,Dioscoreaceae,plant,
cush-cush-yam,cush-cush yam,Dioscorea trifida,Dioscoreaceae,plant,ñame criollo;mapuey;yampí;sacha papa;cará;ñampi
lesser-yam,lesser yam,Dioscorea esculenta,Dioscoreaceae,plant,
japanese-mountain-yam,Japanese mountain yam,Dioscorea japonica,Dioscoreaceae,plant,
chinese-yam,Chinese yam (nagaimo),Dioscorea polystachya,Dioscoreaceae,plant,nagaimo
greater-yam,greater yam (ube),Dioscorea alata,Dioscoreaceae,plant,ube;ñame
sarsaparilla,sarsaparilla,Smilax ornata,Smilacaceae,plant,
rough-bindweed,rough bindweed (shoots),Smilax aspera,Smilacaceae,plant,
china-root,China root,Smilax china,Smilacaceae,plant,
indian-cucumber-root,Indian cucumber-root,Medeola virginiana,Liliaceae,plant,
browns-lily,Brown's lily (bai he),Lilium brownii,Liliaceae,plant,bai he
davids-lily-bulb,David's lily bulb,Lilium davidii,Liliaceae,plant,
tiger-lily-bulb,tiger lily bulb,Lilium lancifolium,Liliaceae,plant,
northern-rice-root,northern rice-root,Fritillaria camschatcensis,Liliaceae,plant,
glacier-lily,glacier lily,Erythronium grandiflorum,Liliaceae,plant,
katakuri,katakuri,Erythronium japonicum,Liliaceae,plant,
sego-lily,sego lily,Calochortus nuttallii,Liliaceae,plant,
salsilla,salsilla,Bomarea edulis,Alstroemeriaceae,plant,
tahitian-vanilla,Tahitian vanilla,Vanilla tahitensis,Orchidaceae,plant,
pompona-vanilla,pompona vanilla,Vanilla pompona,Orchidaceae,plant,
vanilla,vanilla,Vanilla planifolia,Orchidaceae,plant,vanilla;vainilla
tie-pi-shi-hu,tie pi shi hu,Dendrobium officinale,Orchidaceae,plant,
tianma,tianma,Gastrodia elata,Orchidaceae,plant,
chikanda-orchid,chikanda orchid (Disa),Disa robusta,Orchidaceae,plant,
chikanda-orchid-2,chikanda orchid,Satyrium buchananii,Orchidaceae,plant,
early-purple-orchid,early purple orchid (salep),Orchis mascula,Orchidaceae,plant,salep
salep-orchid,salep orchid,Dactylorhiza romana,Orchidaceae,plant,
lumbah,lumbah (curculin),Curculigo latifolia,Hypoxidaceae,plant,curculin
asparagus,asparagus,Asparagus officinalis,Asparagaceae,plant,asparagus;espárrago
wild-asparagus,wild asparagus,Asparagus acutifolius,Asparagaceae,plant,
shatavari,shatavari,Asparagus racemosus,Asparagaceae,plant,
false-solomons-seal,false Solomon's seal (shoots),Maianthemum racemosum,Asparagaceae,plant,
solomons-seal,Solomon's seal (shoots),Polygonatum odoratum,Asparagaceae,plant,
cabbage-tree,cabbage tree,Cordyline australis,Asparagaceae,plant,
ti,ti (root),Cordyline fruticosa,Asparagaceae,plant,
urui,urui,Hosta sieboldiana,Asparagaceae,plant,
blue-agave,blue agave,Agave tequilana,Asparagaceae,plant,agave azul;agave tequilero;jarabe de agave;miel de agave;sirope de agave;néctar de agave;agave
maguey-pulquero,maguey pulquero,Agave salmiana,Asparagaceae,plant,pulque;maguey pulquero;maguey;mixiote
century-plant,century plant (aguamiel),Agave americana,Asparagaceae,plant,aguamiel;maguey americano;agave americano;aguamiel de maguey americano;pulque de maguey americano;maguey pita;agave pita
espadin,espadín (mezcal),Agave angustifolia,Asparagaceae,plant,mezcal;agave espadín;maguey espadín;bacanora;espadín mezcalero;agave mezcalero;maguey mezcalero
izote,izote (flowers),Yucca gigantea,Asparagaceae,plant,flor de izote;flores de izote;izote;flor de yuca;flores de yuca;flor de itabo;itabo
banana-yucca,banana yucca,Yucca baccata,Asparagaceae,plant,
great-camas,great camas,Camassia leichtlinii,Asparagaceae,plant,
camas,camas,Camassia quamash,Asparagaceae,plant,
safed-musli,safed musli,Chlorophytum borivilianum,Asparagaceae,plant,
bath-asparagus,Bath asparagus,Ornithogalum pyrenaicum,Asparagaceae,plant,
lampascioni,lampascioni (tassel hyacinth),Leopoldia comosa,Asparagaceae,plant,tassel hyacinth
egyptian-walking-onion,Egyptian walking onion,Allium × proliferum,Amaryllidaceae,plant,
garlic,garlic,Allium sativum,Amaryllidaceae,plant,garlic;ajo;al ajillo;ajillo;ajoblanco
wild-onion,wild onion,Allium canadense,Amaryllidaceae,plant,
french-grey-shallot,French grey shallot,Allium oschaninii,Amaryllidaceae,plant,
onion,onion / shallot,Allium cepa,Amaryllidaceae,plant,shallot;onion;onions;shallots;scallion;scallions;green onion;spring onion;cebolla;cebollita;chalota;chalote;echalote;escalonia
ramsons,ramsons,Allium ursinum,Amaryllidaceae,plant,ajo de oso;ajo silvestre
leek-garlic,leek / elephant garlic,Allium ampeloprasum,Amaryllidaceae,plant,elephant garlic;leek;leeks;puerro;poro;ajo porro;ajoporro;ajo puerro;ajopuerro;ajo elefante;ajo chilote;ajo de elefante
hookers-chives,Hooker's chives,Allium hookeri,Amaryllidaceae,plant,
victory-onion,victory onion,Allium victorialis,Amaryllidaceae,plant,
chives,chives,Allium schoenoprasum,Amaryllidaceae,plant,chive;chives;cebollino;ciboulette;cebolleta francesa;cebollín francés
ramps,ramps,Allium tricoccum,Amaryllidaceae,plant,
garlic-chives,garlic chives,Allium tuberosum,Amaryllidaceae,plant,cebollino chino;ajo cebollino;nira;ciboulette china;cebollín chino
rakkyo,rakkyo,Allium chinense,Amaryllidaceae,plant,rakkyo;cebolla china japonesa
welsh-onion,Welsh onion (negi),Allium fistulosum,Amaryllidaceae,plant,negi;cebolla de verdeo;cebolla verde;cebollín;cebollita china;cebolla china;cebolla larga;cebolla junca;cebolla de rama;cebolla de cambray;cebolla cambray;cebollita de cambray;cebolleta;cebolla de rabo;cebolla en rama;cebolla de hoja;verdeo;cebolla puerro chino
long-stamen-chive,long-stamen chive,Allium macrostemon,Amaryllidaceae,plant,
blue-flax-lily,blue flax-lily (berries),Dianella caerulea,Asphodelaceae,plant,
daylily,daylily,Hemerocallis fulva,Asphodelaceae,plant,
citron-daylily,citron daylily (huang hua cai),Hemerocallis citrina,Asphodelaceae,plant,huang hua cai
asphodel,asphodel (tubers),Asphodelus ramosus,Asphodelaceae,plant,
foxtail-lily,foxtail lily (shoots),Eremurus spectabilis,Asphodelaceae,plant,
aloe-vera,aloe vera,Aloe vera,Asphodelaceae,plant,sábila;aloe
cape-aloe,Cape aloe,Aloe ferox,Asphodelaceae,plant,
saffron,saffron,Crocus sativus,Iridaceae,plant,azafrán
natal-lily,natal lily (corm),Gladiolus dalenii,Iridaceae,plant,
narrowleaf-cattail,narrowleaf cattail,Typha angustifolia,Typhaceae,plant,
southern-cattail,southern cattail,Typha domingensis,Typhaceae,plant,
broadleaf-cattail,broadleaf cattail,Typha latifolia,Typhaceae,plant,totora;espadaña;enea;anea;junco de estera
chagual,chagual (shoots),Puya chilensis,Bromeliaceae,plant,
chupon,chupón,Greigia sphacelata,Bromeliaceae,plant,
karatas,karatas,Bromelia karatas,Bromeliaceae,plant,
pinuela,piñuela,Bromelia pinguin,Bromeliaceae,plant,
pineapple,pineapple,Ananas comosus,Bromeliaceae,plant,pineapple;piña;ananá
chinese-water-chestnut,Chinese water chestnut,Eleocharis dulcis,Cyperaceae,plant,castaña de agua;castañas de agua;castaña de agua china
sea-clubrush,sea clubrush (tubers),Bolboschoenus maritimus,Cyperaceae,plant,
tule,"tule (rhizome, pollen)",Schoenoplectus acutus,Cyperaceae,plant,pollen;tule
tiger-nut,tiger nut (chufa),Cyperus esculentus,Cyperaceae,plant,chufa;horchata valenciana
nut-grass,nut grass (tubers),Cyperus rotundus,Cyperaceae,plant,
papyrus,papyrus (pith),Cyperus papyrus,Cyperaceae,plant,
indian-ricegrass,Indian ricegrass,Eriocoma hymenoides,Poaceae,plant,
manchurian-wild-rice,Manchurian wild rice (jiaobai),Zizania latifolia,Poaceae,plant,jiaobai
wild-rice,wild rice (northern),Zizania palustris,Poaceae,plant,arroz salvaje;arroz silvestre
wild-rice-2,wild rice (southern),Zizania aquatica,Poaceae,plant,
african-rice,African rice,Oryza glaberrima,Poaceae,plant,
rice,rice,Oryza sativa,Poaceae,plant,rice;sushi rice;rice vinegar;rice noodles;rice flour;mochi;sake;arroz;harina de arroz;fideos de arroz;leche de arroz
early-bamboo,early bamboo (shoots),Phyllostachys praecox,Poaceae,plant,
sweetshoot-bamboo,sweetshoot bamboo,Phyllostachys dulcis,Poaceae,plant,
madake,madake (shoots),Phyllostachys bambusoides,Poaceae,plant,
black-bamboo,black bamboo (shoots),Phyllostachys nigra,Poaceae,plant,
moso-bamboo,moso bamboo (shoots),Phyllostachys edulis,Poaceae,plant,
muli-bamboo,muli bamboo (bamboo rice),Melocanna baccifera,Poaceae,plant,bamboo rice
common-bamboo,common bamboo (shoots),Bambusa vulgaris,Poaceae,plant,
bengal-bamboo,Bengal bamboo (shoots),Bambusa tulda,Poaceae,plant,
oldhams-bamboo,Oldham's bamboo (shoots),Bambusa oldhamii,Poaceae,plant,
bolo-bamboo,bolo bamboo (shoots),Gigantochloa levis,Poaceae,plant,
giant-bamboo,giant bamboo (shoots),Dendrocalamus asper,Poaceae,plant,
hamiltons-bamboo,Hamilton's bamboo (shoots),Dendrocalamus hamiltonii,Poaceae,plant,
taiwan-giant-bamboo,Taiwan giant bamboo (shoots),Dendrocalamus latiflorus,Poaceae,plant,
floating-sweet-grass,floating sweet-grass (manna),Glyceria fluitans,Poaceae,plant,
kernza,Kernza (intermediate wheatgrass),Thinopyrum intermedium,Poaceae,plant,intermediate wheatgrass
triticale,triticale,× Triticosecale,Poaceae,plant,triticale
khorasan-wheat,khorasan wheat,Triticum turanicum,Poaceae,plant,
einkorn,einkorn,Triticum monococcum,Poaceae,plant,
durum,durum / emmer,Triticum turgidum,Poaceae,plant,emmer;trigo duro;trigo candeal;sémola de trigo duro;farro
bread-wheat,bread wheat,Triticum aestivum,Poaceae,plant,wheat;flour;bread;pasta;noodles;bun;couscous;bulgur;semolina;durum;seitan;soy sauce;tortilla;crackers;breadcrumbs;panko;pastry;trigo;harina;con pan;y pan;pan y;de pan;el pan;un pan;pan de;pan con;pan casero;pan fresco;pan blanco;pan integral;pan tostado;pan dulce;pan francés;pan rallado;pan molido;pan pita;pan de yema;pan lactal;pan amasado;pan batido;bolillo;telera;marraqueta;hallulla;fideos;fideo;tallarines;tallarín;espaguetis;espagueti;macarrones;tortilla de harina;tortillas de harina;galleta;galletitas;bizcocho;bizcochuelo;pastel;tarta;hojaldre;concha;cuernito;factura;criollos;sémola;cuscús;seitán;salvado;tostada;rosca;roscón;buñuelo;torreja;alfajor;pastelito;panqueque;crepa;hotcake;gluten
timopheevs-wheat,Timopheev's wheat,Triticum timopheevii,Poaceae,plant,
spelt,spelt,Triticum spelta,Poaceae,plant,espelta;escanda
rye,rye,Secale cereale,Poaceae,plant,rye;centeno;pan de centeno;harina de centeno
couch-grass,couch grass (rhizome),Elymus repens,Poaceae,plant,
barley,barley,Hordeum vulgare,Poaceae,plant,barley;malt;beer;pearl barley;cebada;malta;cerveza;maltín
red-oat,red oat,Avena byzantina,Poaceae,plant,
ethiopian-oat,Ethiopian oat,Avena abyssinica,Poaceae,plant,
oat,oat,Avena sativa,Poaceae,plant,oat;oats;oatmeal;rolled oats;avena;leche de avena;quaker;harina de avena
sweetgrass,sweetgrass (żubrówka),Anthoxanthum nitens,Poaceae,plant,żubrówka
kodo-millet,kodo millet,Paspalum scrobiculatum,Poaceae,plant,
maize,maize,Zea mays,Poaceae,plant,maize;corn;cornmeal;polenta;masa;corn syrup;cornstarch;popcorn;grits;tortilla;maíz;choclo;jojoto;chócolo;mazorca;mote;cancha;canchita;harina de maíz;masa de maíz;masa harina;harina pan;harina precocida;maicena;maizena;totopos;totopo;nixtamal;pozol;pinole;chochoca;chuchoca;chicha;palomitas;pochoclo;cabritas;cotufas;canguil;pipoca;crispetas;gofio;pan de maíz
vetiver,vetiver,Chrysopogon zizanioides,Poaceae,plant,
jobs-tears,Job's tears,Coix lacryma-jobi,Poaceae,plant,lágrimas de job;lágrima de job;adlay
duruka,duruka (pitpit),Saccharum edule,Poaceae,plant,pitpit
sugarcane,sugarcane,Saccharum officinarum,Poaceae,plant,sugarcane;sugar;cane sugar;molasses;rum;brown sugar;azúcar;azúcar morena;azúcar rubia;caña;guarapo;panela;piloncillo;chancaca;rapadura;papelón;tapa de dulce;melaza;melado;ron;aguardiente;cachaça;cachaza;guaro;cañazo;almíbar;raspadura
sorghum,sorghum,Sorghum bicolor,Poaceae,plant,sorghum;sorgo;harina de sorgo;maicillo
east-indian-lemongrass,East Indian lemongrass,Cymbopogon flexuosus,Poaceae,plant,
lemongrass,lemongrass,Cymbopogon citratus,Poaceae,plant,zacate limón;zacate de limón;malojillo;caña santa;hierba limón;té de limón;pasto limón;lemongrass;hierba de limón
black-fonio,black fonio,Digitaria iburua,Poaceae,plant,
fonio,fonio,Digitaria exilis,Poaceae,plant,fonio
indian-barnyard-millet,Indian barnyard millet,Echinochloa frumentacea,Poaceae,plant,
japanese-barnyard-millet,Japanese barnyard millet,Echinochloa esculenta,Poaceae,plant,
foxtail-millet,foxtail millet,Setaria italica,Poaceae,plant,mijo común;panizo;mijo menor
pearl-millet,pearl millet,Cenchrus americanus,Poaceae,plant,mijo perla;mijo
guinea-millet,Guinea millet,Brachiaria deflexa,Poaceae,plant,
proso-millet,proso millet,Panicum miliaceum,Poaceae,plant,mijo proso;mijo blanco
little-millet,little millet,Panicum sumatrense,Poaceae,plant,
common-reed,"common reed (shoots, manna)",Phragmites australis,Poaceae,plant,
teff,teff,Eragrostis tef,Poaceae,plant,teff;tef
finger-millet,finger millet,Eleusine coracana,Poaceae,plant,mijo africano;mijo dedo;ragi
cabbage-palmetto,cabbage palmetto,Sabal palmetto,Arecaceae,plant,
guadalupe-palm,Guadalupe palm,Brahea edulis,Arecaceae,plant,
dwarf-fan-palm,dwarf fan palm,Chamaerops humilis,Arecaceae,plant,
saw-palmetto,saw palmetto,Serenoa repens,Arecaceae,plant,
cabbage-tree-palm,cabbage-tree palm,Livistona australis,Arecaceae,plant,
california-fan-palm,California fan palm (fruit),Washingtonia filifera,Arecaceae,plant,
date-palm,date palm,Phoenix dactylifera,Arecaceae,plant,date palm;dates;dátil
wild-date-palm,wild date palm (jaggery),Phoenix sylvestris,Arecaceae,plant,jaggery
gebang-palm,gebang palm (sago),Corypha utan,Arecaceae,plant,sago
african-palmyra,African palmyra,Borassus aethiopum,Arecaceae,plant,
palmyra-palm,"palmyra palm (toddy, nungu)",Borassus flabellifer,Arecaceae,plant,toddy;nungu
doum-palm,doum palm,Hyphaene thebaica,Arecaceae,plant,
sugar-palm,sugar palm (kolang kaling),Arenga pinnata,Arecaceae,plant,kolang kaling
kitul,kitul (fishtail palm),Caryota urens,Arecaceae,plant,fishtail palm
pacaya,pacaya,Chamaedorea tepejilote,Arecaceae,plant,pacaya;tepejilote;palmito de pacaya
jucara,juçara (palm heart),Euterpe edulis,Arecaceae,plant,palm heart;palmito juçara;jussara;palmito de juçara;corazón de palma
acai-do-amazonas,açaí-do-amazonas,Euterpe precatoria,Arecaceae,plant,
acai,açaí,Euterpe oleracea,Arecaceae,plant,asaí;azaí;huasaí;manaca
palmito,palmito (mountain cabbage),Prestoea acuminata,Arecaceae,plant,mountain cabbage;palmito de montaña;palmito andino;palmito de monte;palmito ecuatoriano;palmito colombiano;palmito de bosque
pataua,patauá,Oenocarpus bataua,Arecaceae,plant,ungurahui;milpesos;seje;patauá;ungurahua;chapil
areca-nut,areca nut,Areca catechu,Arecaceae,plant,nuez de areca;nuez de betel;areca;buyo;nuez de buyo
american-oil-palm,American oil palm,Elaeis oleifera,Arecaceae,plant,
african-oil-palm,African oil palm,Elaeis guineensis,Arecaceae,plant,oil palm;palm oil;palm sugar;aceite de palma;palma aceitera;dendé;corozo africano
macauba,macaúba (coyol),Acrocomia aculeata,Arecaceae,plant,coyol;corozo;macaúba;mbocayá;coco de coyol
peach-palm,peach palm (pejibaye),Bactris gasipaes,Arecaceae,plant,pejibaye;chontaduro;pijuayo;pupuña;pixbae;cachipay
awarra,awarra,Astrocaryum vulgare,Arecaceae,plant,
tucuma,tucumã,Astrocaryum aculeatum,Arecaceae,plant,
coconut,coconut,Cocos nucifera,Arecaceae,plant,coconut;coconut milk;coconut oil;coconut cream;coco;leche de coco;crema de coco;pipa;harina de coco;azúcar de coco;manjar de coco
chonta,chonta (coco cumbi),Parajubaea cocoides,Arecaceae,plant,coco cumbi
jelly-palm,jelly palm,Butia capitata,Arecaceae,plant,butiá;yatay;coco de butiá
chilean-wine-palm,Chilean wine palm (coquito),Jubaea chilensis,Arecaceae,plant,coquito;coquito chileno;coquitos chilenos;palma chilena;miel de palma;coquito de palma;coquitos
inaja,inajá,Attalea maripa,Arecaceae,plant,
babassu,babassu,Attalea speciosa,Arecaceae,plant,babasú;babassu;coco babasú
licuri,licuri,Syagrus coronata,Arecaceae,plant,
queen-palm,queen palm,Syagrus romanzoffiana,Arecaceae,plant,pindó;coco pindó;coquito de pindó;jerivá
royal-palm,royal palm (heart),Roystonea regia,Arecaceae,plant,
nipa-palm,nipa palm (attap),Nypa fruticans,Arecaceae,plant,attap
raffia-palm,raffia palm (palm wine),Raphia hookeri,Arecaceae,plant,palm wine
buriti,buriti (moriche),Mauritia flexuosa,Arecaceae,plant,moriche;aguaje;buriti;canangucha
rakum,rakum,Salacca wallichiana,Arecaceae,plant,
salak,salak (snake fruit),Salacca zalacca,Arecaceae,plant,snake fruit
rattan,rattan (shoots),Calamus tenuis,Arecaceae,plant,
sago-palm,sago palm,Metroxylon sagu,Arecaceae,plant,
wild-bornean-sago,wild Bornean sago,Eugeissona utilis,Arecaceae,plant,
plantain-hybrids,plantain / banana hybrids,Musa × paradisiaca,Musaceae,plant,banana hybrids;plátano;maqueño;banano;guineo;cambur;tostón;patacón;tajadas;chifles;mariquitas;platanitos;platanutres;chips de plátano;plátano asado;harina de plátano;pan de plátano;pan de banana
dessert-banana,dessert banana (acuminata),Musa acuminata,Musaceae,plant,banana;bananas;orito;guineo orito;banano bocadillo;bananito;guineo manzano;cambur manzano;plátano de seda;plátano de la isla;banana de seda;cavendish
balbisiana-banana,balbisiana banana,Musa balbisiana,Musaceae,plant,
enset,enset,Ensete ventricosum,Musaceae,plant,
crepe-ginger,crepe ginger,Hellenia speciosa,Costaceae,plant,
fingerroot,fingerroot (krachai),Boesenbergia rotunda,Zingiberaceae,plant,krachai
ginger,ginger,Zingiber officinale,Zingiberaceae,plant,ginger;jengibre;kion;quión;ajengibre;gengibre;té de jengibre
myoga,myoga,Zingiber mioga,Zingiberaceae,plant,
shampoo-ginger,shampoo ginger (awapuhi),Zingiber zerumbet,Zingiberaceae,plant,awapuhi
cassumunar-ginger,cassumunar ginger,Zingiber montanum,Zingiberaceae,plant,
kencur,kencur,Kaempferia galanga,Zingiberaceae,plant,
black-ginger,black ginger,Kaempferia parviflora,Zingiberaceae,plant,
white-ginger-lily,white ginger lily (flowers),Hedychium coronarium,Zingiberaceae,plant,
temulawak,temulawak,Curcuma zanthorrhiza,Zingiberaceae,plant,
wild-turmeric,wild turmeric,Curcuma aromatica,Zingiberaceae,plant,
mango-ginger,mango ginger,Curcuma amada,Zingiberaceae,plant,
east-indian-arrowroot,East Indian arrowroot,Curcuma angustifolia,Zingiberaceae,plant,
black-turmeric,black turmeric,Curcuma caesia,Zingiberaceae,plant,
zedoary,zedoary,Curcuma zedoaria,Zingiberaceae,plant,
turmeric,turmeric,Curcuma longa,Zingiberaceae,plant,turmeric;cúrcuma;palillo;azafrán de la india
lesser-galangal,lesser galangal,Alpinia officinarum,Zingiberaceae,plant,
shell-ginger,shell ginger (leaves),Alpinia zerumbet,Zingiberaceae,plant,
greater-galangal,greater galangal,Alpinia galanga,Zingiberaceae,plant,galanga;galangal
ethiopian-cardamom,Ethiopian cardamom (korerima),Aframomum corrorima,Zingiberaceae,plant,korerima
grains-of-paradise,grains of paradise,Aframomum melegueta,Zingiberaceae,plant,
bastard-melegueta,bastard melegueta,Aframomum daniellii,Zingiberaceae,plant,
torch-ginger,torch ginger,Etlingera elatior,Zingiberaceae,plant,
green-cardamom,green cardamom,Elettaria cardamomum,Zingiberaceae,plant,cardamom;cardamomo
tsaoko,tsaoko (cao guo),Lanxangia tsaoko,Zingiberaceae,plant,cao guo
black-cardamom,black cardamom,Amomum subulatum,Zingiberaceae,plant,cardamomo negro
achira,achira (Queensland arrowroot),Canna indica,Cannaceae,plant,Queensland arrowroot;achira;sagú;harina de achira;bizcocho de achira
leren,lerén (Guinea arrowroot),Goeppertia allouia,Marantaceae,plant,Guinea arrowroot;lerén;lairén;dale dale;llerén
arrowroot,arrowroot,Maranta arundinacea,Marantaceae,plant,arrurruz;arruruz;sagú de las indias;harina de arrurruz;maranta
katemfe,katemfe (thaumatin),Thaumatococcus daniellii,Marantaceae,plant,thaumatin
heartshape-false-pickerelweed,heartshape false pickerelweed,Monochoria vaginalis,Pontederiaceae,plant,
benghal-dayflower,Benghal dayflower,Commelina benghalensis,Commelinaceae,plant,
asiatic-dayflower,Asiatic dayflower,Commelina communis,Commelinaceae,plant,
barberry,barberry (zereshk),Berberis vulgaris,Berberidaceae,plant,zereshk
oregon-grape,Oregon grape,Berberis aquifolium,Berberidaceae,plant,
mayapple,mayapple (ripe fruit),Podophyllum peltatum,Berberidaceae,plant,ripe fruit
black-seed,black seed (kalonji),Nigella sativa,Ranunculaceae,plant,kalonji;comino negro;ajenuz;neguilla;semilla negra
marsh-marigold,marsh marigold (cooked),Caltha palustris,Ranunculaceae,plant,
blue-sausage-fruit,blue sausage fruit,Decaisnea insignis,Lardizabalaceae,plant,
three-leaf-akebia,three-leaf akebia,Akebia trifoliata,Lardizabalaceae,plant,
akebia,akebia (chocolate vine),Akebia quinata,Lardizabalaceae,plant,chocolate vine
mube,mube,Stauntonia hexaphylla,Lardizabalaceae,plant,
corn-poppy,"corn poppy (petals, greens)",Papaver rhoeas,Papaveraceae,plant,
opium-poppy,opium poppy (seed),Papaver somniferum,Papaveraceae,plant,poppy seed;amapola
lotus,"lotus (root, seed)",Nelumbo nucifera,Nelumbonaceae,plant,lotus root;loto
american-lotus,American lotus,Nelumbo lutea,Nelumbonaceae,plant,
geebung,geebung,Persoonia pinifolia,Proteaceae,plant,
red-bopple-nut,red bopple nut,Hicksbeachia pinnatifolia,Proteaceae,plant,
chilean-hazelnut,Chilean hazelnut,Gevuina avellana,Proteaceae,plant,avellana chilena;avellanas chilenas;gevuina;avellano chileno;nefuén
wild-almond,wild almond (processed),Brabejum stellatifolium,Proteaceae,plant,
macadamia,macadamia,Macadamia integrifolia,Proteaceae,plant,macadamia;nuez de macadamia;nueces de macadamia
rough-shelled-macadamia,rough-shelled macadamia,Macadamia tetraphylla,Proteaceae,plant,
nalca,nalca (Chilean rhubarb),Gunnera tinctoria,Gunneraceae,plant,Chilean rhubarb
elephant-apple,elephant apple,Dillenia indica,Dilleniaceae,plant,
katmon,katmon,Dillenia philippinensis,Dilleniaceae,plant,
native-cherry,native cherry,Exocarpos cupressiformis,Santalaceae,plant,
australian-sandalwood,Australian sandalwood (nut),Santalum spicatum,Santalaceae,plant,
quandong,quandong,Santalum acuminatum,Santalaceae,plant,
coula-nut,coula nut,Coula edulis,Coulaceae,plant,
sourplum,sourplum,Ximenia caffra,Ximeniaceae,plant,
yellow-plum,yellow plum (tallow wood),Ximenia americana,Ximeniaceae,plant,tallow wood
sea-grape,sea grape,Coccoloba uvifera,Polygonaceae,plant,
coral-vine,coral vine (tubers),Antigonon leptopus,Polygonaceae,plant,
japanese-knotweed,Japanese knotweed (shoots),Reynoutria japonica,Polygonaceae,plant,
canaigre,canaigre,Rumex hymenosepalus,Polygonaceae,plant,
monks-rhubarb,monk's rhubarb,Rumex alpinus,Polygonaceae,plant,
sheep-sorrel,sheep sorrel,Rumex acetosella,Polygonaceae,plant,
curly-dock,curly dock,Rumex crispus,Polygonaceae,plant,lengua de vaca rizada;romaza;acedera rizada
french-sorrel,French sorrel,Rumex scutatus,Polygonaceae,plant,
bladder-dock,bladder dock (hummeidh),Rumex vesicarius,Polygonaceae,plant,hummeidh
bloody-dock,bloody dock,Rumex sanguineus,Polygonaceae,plant,
patience-dock,patience dock,Rumex patientia,Polygonaceae,plant,
sorrel,sorrel,Rumex acetosa,Polygonaceae,plant,acedera;vinagrera;lengua de vaca
mountain-sorrel,mountain sorrel,Oxyria digyna,Polygonaceae,plant,
persian-rhubarb,Persian rhubarb (rivas),Rheum ribes,Polygonaceae,plant,rivas
false-rhubarb,false rhubarb,Rheum rhaponticum,Polygonaceae,plant,
rhubarb,rhubarb,Rheum rhabarbarum,Polygonaceae,plant,rhubarb
alpine-bistort,alpine bistort,Bistorta vivipara,Polygonaceae,plant,
bistort,bistort,Bistorta officinalis,Polygonaceae,plant,
water-pepper,water pepper (tade),Persicaria hydropiper,Polygonaceae,plant,tade
vietnamese-coriander,Vietnamese coriander (rau răm),Persicaria odorata,Polygonaceae,plant,rau răm
kesum,kesum,Persicaria minor,Polygonaceae,plant,
buckwheat,buckwheat,Fagopyrum esculentum,Polygonaceae,plant,buckwheat;soba;kasha;trigo sarraceno;alforfón;harina de trigo sarraceno
tartary-buckwheat,Tartary buckwheat,Fagopyrum tataricum,Polygonaceae,plant,
sea-sandwort,sea sandwort,Honckenya peploides,Caryophyllaceae,plant,
halva-root,halva root (çöven),Gypsophila arrostii,Caryophyllaceae,plant,çöven
chickweed,chickweed,Stellaria media,Caryophyllaceae,plant,
carnation,carnation (petals),Dianthus caryophyllus,Caryophyllaceae,plant,
soapwort,soapwort,Saponaria officinalis,Caryophyllaceae,plant,
bladder-campion,bladder campion (sculpit),Silene vulgaris,Caryophyllaceae,plant,sculpit
algerian-tea,Algerian tea,Paronychia argentea,Caryophyllaceae,plant,
beet,beet / chard / sugar beet,Beta vulgaris,Amaranthaceae,plant,chard;sugar beet;beet;beetroot;swiss chard;beet sugar;remolacha;betabel;betarraga;beterraga;betarava;acelga;azúcar de remolacha
good-king-henry,Good King Henry,Blitum bonus-henricus,Amaranthaceae,plant,
strawberry-blite,strawberry blite,Blitum capitatum,Amaranthaceae,plant,
orache,orache,Atriplex hortensis,Amaranthaceae,plant,armuelle;espinaca de monte;orache
fourwing-saltbush,fourwing saltbush (seed),Atriplex canescens,Amaranthaceae,plant,
old-man-saltbush,old man saltbush,Atriplex nummularia,Amaranthaceae,plant,
sea-orache,sea orache,Atriplex halimus,Amaranthaceae,plant,
kaniwa,kañiwa,Chenopodium pallidicaule,Amaranthaceae,plant,cañihua;kañiwa;cañahua;kañihua
huauzontle,huauzontle,Chenopodium berlandieri,Amaranthaceae,plant,huauzontle;huazontle;guauzontle;quelite cenizo;cenizo;quelite de cenizo;chual
quinoa,quinoa,Chenopodium quinoa,Amaranthaceae,plant,quinoa;quinua;kinwa;harina de quinua
tree-spinach,tree spinach,Chenopodium giganteum,Amaranthaceae,plant,
fig-leaved-goosefoot,fig-leaved goosefoot,Chenopodium ficifolium,Amaranthaceae,plant,
lambs-quarters,lamb's quarters (bathua),Chenopodium album,Amaranthaceae,plant,bathua;cenizo blanco;quinoa silvestre;armuelle silvestre;ceñilgo;bledo blanco cenizo;quinua silvestre;yuyo blanco
spinach,spinach,Spinacia oleracea,Amaranthaceae,plant,spinach;espinaca
epazote,epazote,Dysphania ambrosioides,Amaranthaceae,plant,epazote;paico;apazote;hierba santa mexicana;ipazote;pazote;yerba de santa maría
sand-rice,sand rice,Agriophyllum squarrosum,Amaranthaceae,plant,
agretti,agretti,Salsola soda,Amaranthaceae,plant,
okahijiki,okahijiki,Salsola komarovii,Amaranthaceae,plant,
kochia,kochia (tonburi),Bassia scoparia,Amaranthaceae,plant,tonburi
ruby-saltbush,ruby saltbush,Enchylaena tomentosa,Amaranthaceae,plant,
sea-blite,sea blite,Suaeda maritima,Amaranthaceae,plant,
yan-di-jian,yan di jian (sea blite),Suaeda salsa,Amaranthaceae,plant,sea blite
beaded-samphire,beaded samphire,Sarcocornia quinqueflora,Amaranthaceae,plant,
dwarf-glasswort,dwarf glasswort,Salicornia bigelovii,Amaranthaceae,plant,
samphire,samphire (glasswort),Salicornia europaea,Amaranthaceae,plant,glasswort;salicornia;espárrago de mar;espárragos de mar;hierba salada
lagos-spinach,Lagos spinach (soko),Celosia argentea,Amaranthaceae,plant,soko
deeringia,deeringia (leaves),Deeringia amaranthoides,Amaranthaceae,plant,
red-amaranth,red amaranth (grain),Amaranthus cruentus,Amaranthaceae,plant,amaranto rojo;amaranto de grano
love-lies-bleeding,love-lies-bleeding (kiwicha),Amaranthus caudatus,Amaranthaceae,plant,kiwicha;amaranto;achita;coimi
princes-feather,Prince's feather (grain),Amaranthus hypochondriacus,Amaranthaceae,plant,amaranto mexicano;alegría;huautli;huauhtli
spleen-amaranth,spleen amaranth,Amaranthus dubius,Amaranthaceae,plant,calalú dubius;espinaca de la india;bledo blanco
spiny-amaranth,spiny amaranth,Amaranthus spinosus,Amaranthaceae,plant,bledo espinoso;bledo con espinas;quelite espinoso;amaranto espinoso
redroot-pigweed,redroot pigweed,Amaranthus retroflexus,Amaranthaceae,plant,
smooth-amaranth,smooth amaranth,Amaranthus hybridus,Amaranthaceae,plant,quelite;bledo manso;quintonil silvestre;amaranto silvestre;yuyo
slender-amaranth,slender amaranth,Amaranthus viridis,Amaranthaceae,plant,bledo verde;bledo delgado;yuyo verde;quelite verde
leaf-amaranth,leaf amaranth (callaloo),Amaranthus tricolor,Amaranthaceae,plant,callaloo;bledo;quelite de bledo;quintonil;amaranto de hoja;hoja de amaranto;hojas de amaranto;calalú de bledo;espinaca china;yuyo de amaranto;ataco;sangorache
purple-amaranth,purple amaranth (vlita),Amaranthus blitum,Amaranthaceae,plant,vlita
palmer-amaranth,Palmer amaranth (seed),Amaranthus palmeri,Amaranthaceae,plant,
sessile-joyweed,sessile joyweed,Alternanthera sessilis,Amaranthaceae,plant,
slender-carpetweed,slender carpetweed,Glinus oppositifolius,Molluginaceae,plant,
fishhook-barrel,fishhook barrel (cactus candy),Ferocactus wislizeni,Cactaceae,plant,cactus candy
biznaga,biznaga (acitrón),Echinocactus platyacanthus,Cactaceae,plant,acitrón;biznaga
yellow-dragon-fruit,yellow dragon fruit,Selenicereus megalanthus,Cactaceae,plant,pitahaya amarilla;pitaya amarilla;pitahaya colombiana;pitahaya de colombia;fruta del dragón amarilla;pitahaya ecuatoriana;pitahaya de ecuador;pitahaya de palora
red-dragon-fruit,red dragon fruit,Selenicereus costaricensis,Cactaceae,plant,pitahaya roja;pitaya roja;pitahaya de pulpa roja;pitahaya costarricense;pitahaya de costa rica;fruta del dragón roja;pitahaya morada;pitaya morada
white-dragon-fruit,white dragon fruit,Selenicereus undatus,Cactaceae,plant,pitahaya;pitaya blanca;fruta del dragón;fruta de dragón;dragon fruit
pitayo-de-mayo,pitayo de Mayo,Stenocereus griseus,Cactaceae,plant,pitayo de mayo;pitaya de mayo;pitaya griseus;pitaya venezolana;pitaya colombiana;pitaya de cardón;cardón de dato;dato
pitaya-de-octubre,pitaya de octubre,Stenocereus pruinosus,Cactaceae,plant,pitaya de octubre;pitaya de oaxaca;pitaya oaxaqueña;pitaya de puebla;pitaya poblana;pitaya de mixteca;pitaya mixteca;pitaya de tehuacán
pitaya-agria,pitaya agria,Stenocereus gummosus,Cactaceae,plant,
pitaya-de-queretaro,pitaya de Querétaro,Stenocereus queretaroensis,Cactaceae,plant,pitaya de querétaro;pitaya queretana;pitaya de jalisco;pitaya jalisciense;pitaya de zacatecas;pitaya zacatecana;pitaya de aguascalientes;pitaya de guanajuato
organ-pipe-cactus,organ pipe cactus (pitaya dulce),Stenocereus thurberi,Cactaceae,plant,pitaya dulce;pitaya de órgano;pitaya de sonora;pitaya sonorense;pitahaya de órgano;órgano;pitaya
jiotilla,jiotilla,Escontria chiotilla,Cactaceae,plant,
chichipe,chichipe,Polaskia chichipe,Cactaceae,plant,
garambullo,garambullo,Myrtillocactus geometrizans,Cactaceae,plant,garambullo;garambuyo
strawberry-hedgehog-cactus,strawberry hedgehog cactus,Echinocereus engelmannii,Cactaceae,plant,
cardon,cardón,Pachycereus pringlei,Cactaceae,plant,cardón
saguaro,saguaro,Carnegiea gigantea,Cactaceae,plant,saguaro;sahuaro;pitahaya de saguaro;vino de saguaro
hairbrush-cactus,hairbrush cactus (fruit),Pachycereus pecten-aboriginum,Cactaceae,plant,
copao,copao,Eulychnia acida,Cactaceae,plant,copao;rumpa
sancayo,sancayo,Corryocactus brevistylus,Cactaceae,plant,sancayo;sanky
quisco,quisco (guillave),Echinopsis chiloensis,Cactaceae,plant,guillave;quisco;pitaya chilena
mandacaru,mandacaru,Cereus jamacaru,Cactaceae,plant,mandacaru;cardón brasileño;pitaya de mandacaru;cactus mandacaru
peruvian-apple-cactus,Peruvian apple cactus,Cereus repandus,Cactaceae,plant,pitahaya peruana;pitaya peruana;cactus manzana;manzana de cactus;cardón peruano;pitaya de cardón peruano
rose-cactus,rose cactus (leaves),Leuenbergeria bleo,Cactaceae,plant,
rose-cactus-2,rose cactus (grandifolia),Pereskia grandifolia,Cactaceae,plant,
ora-pro-nobis,ora-pro-nóbis,Pereskia aculeata,Cactaceae,plant,ora pro nóbis;hoja de cactus;hojas de cactus;carne de pobre;cactus de hoja;pereskia;guamacho
xoconostle,xoconostle,Opuntia joconostle,Cactaceae,plant,xoconostle;joconostle;tuna agria;tuna ácida;xoconoxtle
xoconostle-2,xoconostle (matudae),Opuntia matudae,Cactaceae,plant,
cochineal-nopal,cochineal nopal,Opuntia cochenillifera,Cactaceae,plant,
nopal-tapon,nopal tapón,Opuntia robusta,Cactaceae,plant,nopal tapón;tapón;nopal camueso;tuna tapona;tuna camuesa;tuna morada;tuna de tapón
tulip-prickly-pear,tulip prickly pear,Opuntia phaeacantha,Cactaceae,plant,
eastern-prickly-pear,eastern prickly pear,Opuntia humifusa,Cactaceae,plant,
prickly-pear,prickly pear (nopal),Opuntia ficus-indica,Cactaceae,plant,nopal;prickly pear;nopales;cactus;nopalito;higo chumbo;higos chumbos;higo de tuna;tuna verde;tuna roja;tuna amarilla;tuna blanca;tuna de castilla;tuna cardona;chumbera;tuna fruta;fruta tuna;higo de la india;higo de pala;higo de barbaria;tunas
engelmanns-prickly-pear,Engelmann's prickly pear,Opuntia engelmannii,Cactaceae,plant,nopal de engelmann;tuna de engelmann;nopal cuijo;cuijo;tuna cuija;nopal texano;tuna texana
buckhorn-cholla,buckhorn cholla (buds),Cylindropuntia acanthocarpa,Cactaceae,plant,
purslane,purslane,Portulaca oleracea,Portulacaceae,plant,verdolaga;beldroega;portulaca
ceylon-spinach,Ceylon spinach (waterleaf),Talinum fruticosum,Talinaceae,plant,waterleaf;espinaca de java;espinaca de surinam;espinaca de filipinas;verdolaga de jardín;verdolaga francesa;carurú;espinaca tropical;tapaculo;ilán
jewels-of-opar,jewels of Opar (leaves),Talinum paniculatum,Talinaceae,plant,
spekboom,spekboom,Portulacaria afra,Didiereaceae,plant,
malabar-spinach,Malabar spinach,Basella alba,Basellaceae,plant,espinaca de malabar;espinaca china trepadora;espinaca de ceilán;espinaca india;espinaca trepadora;basela;espinaca de vid
ulluco,ulluco,Ullucus tuberosus,Basellaceae,plant,olluco;ulluco;melloco;papa lisa;papalisa;ruba;olluquito
madeira-vine,Madeira vine,Anredera cordifolia,Basellaceae,plant,
water-blinks,water blinks,Montia fontana,Montiaceae,plant,
siberian-spring-beauty,Siberian spring beauty,Claytonia sibirica,Montiaceae,plant,
miners-lettuce,miner's lettuce,Claytonia perfoliata,Montiaceae,plant,
spring-beauty,spring beauty (fairy spuds),Claytonia virginica,Montiaceae,plant,fairy spuds
bitterroot,bitterroot,Lewisia rediviva,Montiaceae,plant,
new-zealand-spinach,New Zealand spinach,Tetragonia tetragonioides,Aizoaceae,plant,espinaca de nueva zelanda;espinaca neozelandesa;espinaca de verano
ice-plant,ice plant,Mesembryanthemum crystallinum,Aizoaceae,plant,
karkalla,karkalla,Carpobrotus rossii,Aizoaceae,plant,
sour-fig,sour fig (Hottentot fig),Carpobrotus edulis,Aizoaceae,plant,Hottentot fig
sea-purslane,sea purslane,Sesuvium portulacastrum,Aizoaceae,plant,
horse-purslane,horse purslane,Trianthema portulacastrum,Aizoaceae,plant,
indian-pokeweed,Indian pokeweed,Phytolacca acinosa,Phytolaccaceae,plant,
pokeweed,pokeweed (poke sallet),Phytolacca americana,Phytolaccaceae,plant,poke sallet
lettuce-tree,lettuce tree,Pisonia grandis,Nyctaginaceae,plant,
punarnava,punarnava,Boerhavia diffusa,Nyctaginaceae,plant,
mauka,mauka,Mirabilis expansa,Nyctaginaceae,plant,mauka;chago;miso andino
amacha,amacha (sweet tea),Hydrangea serrata,Hydrangeaceae,plant,
whitestem-blazingstar,whitestem blazingstar (seed),Mentzelia albicaulis,Loasaceae,plant,
cornelian-cherry,cornelian cherry,Cornus mas,Cornaceae,plant,
japanese-cornel,Japanese cornel (shanzhuyu),Cornus officinalis,Cornaceae,plant,shanzhuyu
kousa-dogwood,kousa dogwood (fruit),Cornus kousa,Cornaceae,plant,
bunchberry,bunchberry,Cornus canadensis,Cornaceae,plant,
black-tupelo,black tupelo (fruit),Nyssa sylvatica,Nyssaceae,plant,
ogeechee-lime,Ogeechee lime,Nyssa ogeche,Nyssaceae,plant,
himalayan-balsam,Himalayan balsam (seed),Impatiens glandulifera,Balsaminaceae,plant,
silverbell,silverbell (pickled fruit),Halesia carolina,Styracaceae,plant,pickled fruit
benzoin,benzoin,Styrax benzoin,Styracaceae,plant,
gogan,gogan (fruit),Saurauia napaulensis,Actinidiaceae,plant,
silver-vine,silver vine,Actinidia polygama,Actinidiaceae,plant,
arctic-kiwi,Arctic kiwi,Actinidia kolomikta,Actinidiaceae,plant,
hardy-kiwi,hardy kiwi,Actinidia arguta,Actinidiaceae,plant,
golden-kiwifruit,golden kiwifruit,Actinidia chinensis,Actinidiaceae,plant,
kiwifruit,kiwifruit,Actinidia deliciosa,Actinidiaceae,plant,kiwi;kiwifruit;quivi
white-kiwi,white kiwi,Actinidia eriantha,Actinidiaceae,plant,
strawberry-tree,strawberry tree,Arbutus unedo,Ericaceae,plant,
pacific-madrone,Pacific madrone (berries),Arbutus menziesii,Ericaceae,plant,
alpine-bearberry,alpine bearberry,Arctous alpina,Ericaceae,plant,
bigberry-manzanita,bigberry manzanita,Arctostaphylos glauca,Ericaceae,plant,
pointleaf-manzanita,pointleaf manzanita,Arctostaphylos pungens,Ericaceae,plant,
bearberry,bearberry,Arctostaphylos uva-ursi,Ericaceae,plant,
sourwood,sourwood,Oxydendrum arboreum,Ericaceae,plant,
wintergreen,wintergreen,Gaultheria procumbens,Ericaceae,plant,
salal,salal,Gaultheria shallon,Ericaceae,plant,
fragrant-wintergreen,fragrant wintergreen,Gaultheria fragrantissima,Ericaceae,plant,
prickly-heath,prickly heath (berries),Gaultheria mucronata,Ericaceae,plant,
snowberry,snowberry (Tasmania),Gaultheria hispida,Ericaceae,plant,
rabbiteye-blueberry,rabbiteye blueberry,Vaccinium virgatum,Ericaceae,plant,
lowbush-blueberry,lowbush blueberry,Vaccinium angustifolium,Ericaceae,plant,
cascade-bilberry,Cascade bilberry,Vaccinium deliciosum,Ericaceae,plant,
small-cranberry,small cranberry,Vaccinium oxycoccos,Ericaceae,plant,
bog-bilberry,bog bilberry,Vaccinium uliginosum,Ericaceae,plant,
caucasian-whortleberry,Caucasian whortleberry,Vaccinium arctostaphylos,Ericaceae,plant,
black-huckleberry,black huckleberry (Gaylussacia),Gaylussacia baccata,Ericaceae,plant,
dangleberry,dangleberry,Gaylussacia frondosa,Ericaceae,plant,
mortino,mortiño,Vaccinium floribundum,Ericaceae,plant,mortiño;agraz andino
evergreen-huckleberry,evergreen huckleberry,Vaccinium ovatum,Ericaceae,plant,
cranberry,cranberry,Vaccinium macrocarpon,Ericaceae,plant,cranberry;cranberries;arándano rojo;arándanos rojos;arándano agrio
lingonberry,lingonberry,Vaccinium vitis-idaea,Ericaceae,plant,lingonberry;arándano rojo europeo
oval-leaf-blueberry,oval-leaf blueberry,Vaccinium ovalifolium,Ericaceae,plant,
black-huckleberry-2,black huckleberry,Vaccinium membranaceum,Ericaceae,plant,
bilberry,bilberry,Vaccinium myrtillus,Ericaceae,plant,mirtilo;arándano europeo;arándano silvestre
red-huckleberry,red huckleberry,Vaccinium parvifolium,Ericaceae,plant,
ohelo,ohelo,Vaccinium reticulatum,Ericaceae,plant,
agraz,agraz,Vaccinium meridionale,Ericaceae,plant,agraz;mortiño colombiano
sparkleberry,sparkleberry,Vaccinium arboreum,Ericaceae,plant,
deerberry,deerberry,Vaccinium stamineum,Ericaceae,plant,
highbush-blueberry,highbush blueberry,Vaccinium corymbosum,Ericaceae,plant,blueberry;blueberries;arándano
cavendishia,cavendishia (fruit),Cavendishia bracteata,Ericaceae,plant,
uva-camarona,uva camarona,Macleania rupestris,Ericaceae,plant,
red-crowberry,red crowberry (diddle-dee),Empetrum rubrum,Ericaceae,plant,diddle-dee
crowberry,crowberry,Empetrum nigrum,Ericaceae,plant,
marsh-labrador-tea,marsh Labrador tea,Rhododendron tomentosum,Ericaceae,plant,
labrador-tea,Labrador tea,Rhododendron groenlandicum,Ericaceae,plant,
tree-rhododendron,tree rhododendron (flowers),Rhododendron arboreum,Ericaceae,plant,
heather,heather,Calluna vulgaris,Ericaceae,plant,
ocotillo,ocotillo (flowers),Fouquieria splendens,Fouquieriaceae,plant,
wild-tea,wild tea (Yunnan),Camellia taliensis,Theaceae,plant,
tea,tea,Camellia sinensis,Theaceae,plant,tea;green tea;black tea;matcha;oolong;té negro;té verde;té rojo;té blanco;té oolong;té chai;té helado;té con leche;té de la tarde;hojas de té;té en bolsita;bolsita de té;té english breakfast;té de jazmín;té de burbujas
japanese-camellia,Japanese camellia (seed oil),Camellia japonica,Theaceae,plant,
tea-seed-oil,tea seed oil,Camellia oleifera,Theaceae,plant,
sasanqua,sasanqua (seed oil),Camellia sasanqua,Theaceae,plant,
argan,argan,Argania spinosa,Sapotaceae,plant,
mahua,mahua,Madhuca longifolia,Sapotaceae,plant,
moabi,moabi (oil),Baillonella toxisperma,Sapotaceae,plant,
shea,shea,Vitellaria paradoxa,Sapotaceae,plant,
spanish-cherry,Spanish cherry (bakul),Mimusops elengi,Sapotaceae,plant,bakul
transvaal-red-milkwood,Transvaal red milkwood,Mimusops zeyheri,Sapotaceae,plant,
sapodilla,sapodilla,Manilkara zapota,Sapotaceae,plant,chicozapote;níspero de venezuela;níspero venezolano;zapote chico;sapodilla
balata,balata,Manilkara bidentata,Sapotaceae,plant,
massaranduba,massaranduba,Manilkara huberi,Sapotaceae,plant,
kauki,kauki,Manilkara kauki,Sapotaceae,plant,
miracle-berry,miracle berry,Synsepalum dulcificum,Sapotaceae,plant,
stem-fruit,stem fruit (stamvrug),Englerophytum magalismontanum,Sapotaceae,plant,stamvrug
green-sapote,green sapote,Pouteria viridis,Sapotaceae,plant,
mamey-sapote,mamey sapote,Pouteria sapota,Sapotaceae,plant,mamey;zapote colorado;zapote rojo
lucuma,lúcuma,Pouteria lucuma,Sapotaceae,plant,lúcuma;helado de lúcuma;harina de lúcuma
african-star-apple,African star apple (udara),Chrysophyllum albidum,Sapotaceae,plant,udara
black-apple,black apple,Planchonella australis,Sapotaceae,plant,
star-apple,star apple,Chrysophyllum cainito,Sapotaceae,plant,caimito;cainito
satinleaf,satinleaf,Chrysophyllum oliviforme,Sapotaceae,plant,
canistel,canistel,Pouteria campechiana,Sapotaceae,plant,canistel;zapote amarillo;zapotillo;kanisté;huevo vegetal;fruta huevo
cutite,cutite,Pouteria macrophylla,Sapotaceae,plant,
abiu,abiu,Pouteria caimito,Sapotaceae,plant,caimito amarillo;abiu;abio;caimo;cauje;luma amazónica
cocky-apple,cocky apple,Planchonia careya,Lecythidaceae,plant,
napoleons-hat,Napoleon's hat (fruit),Napoleonaea vogelii,Lecythidaceae,plant,
cut-nut,cut nut (procera),Barringtonia procera,Lecythidaceae,plant,
cut-nut-2,cut nut (pao),Barringtonia edulis,Lecythidaceae,plant,pao
sachamango,sachamango,Grias peruviana,Lecythidaceae,plant,
chupo,chupo (membrillo),Gustavia superba,Lecythidaceae,plant,
sapucaia-nut,sapucaia nut,Lecythis pisonis,Lecythidaceae,plant,
paradise-nut,paradise nut,Lecythis zabucajo,Lecythidaceae,plant,
brazil-nut,Brazil nut,Bertholletia excelsa,Lecythidaceae,plant,Brazil nut;castaña de brasil;castañas de brasil;nuez de brasil;nueces de brasil;castaña de pará;castaña amazónica;castaña de monte
blue-guarri,blue guarri (fruit),Euclea crispa,Ebenaceae,plant,
mabolo,mabolo (velvet apple),Diospyros blancoi,Ebenaceae,plant,velvet apple
thi,thị,Diospyros decandra,Ebenaceae,plant,
american-persimmon,American persimmon,Diospyros virginiana,Ebenaceae,plant,
persimmon,persimmon,Diospyros kaki,Ebenaceae,plant,persimmon;caqui;kaki;persimón;palosanto
date-plum,date-plum,Diospyros lotus,Ebenaceae,plant,
jackalberry,jackalberry,Diospyros mespiliformis,Ebenaceae,plant,
gaub,gaub,Diospyros malabarica,Ebenaceae,plant,
black-sapote,black sapote,Diospyros digyna,Ebenaceae,plant,zapote negro;zapotes negros;zapote prieto;sapote negro
texas-persimmon,Texas persimmon,Diospyros texana,Ebenaceae,plant,
african-boxwood,African boxwood (fruit),Myrsine africana,Primulaceae,plant,
false-black-pepper,false black pepper (vidanga),Embelia ribes,Primulaceae,plant,vidanga
capulin,capulín (Ardisia),Ardisia compressa,Primulaceae,plant,
shoebutton-ardisia,shoebutton ardisia,Ardisia elliptica,Primulaceae,plant,
cyclamen,"cyclamen (tuber, historical)",Cyclamen persicum,Primulaceae,plant,
primrose,primrose (flowers),Primula vulgaris,Primulaceae,plant,
cowslip,cowslip (flowers),Primula veris,Primulaceae,plant,
helwingia,helwingia (leaves),Helwingia japonica,Helwingiaceae,plant,
kuding-tea,kuding tea,Ilex kudingcha,Aquifoliaceae,plant,
guayusa,guayusa,Ilex guayusa,Aquifoliaceae,plant,guayusa;té de guayusa;wayusa;waysa
yaupon,yaupon,Ilex vomitoria,Aquifoliaceae,plant,
dahoon-holly,dahoon holly,Ilex cassine,Aquifoliaceae,plant,
yerba-senorita,yerba señorita,Ilex dumosa,Aquifoliaceae,plant,yerba señorita;yerba de señorita;caá chirí
yerba-mate,yerba mate,Ilex paraguariensis,Aquifoliaceae,plant,yerba;yerbamate;cimarrón mate;chimarrão
tarajo-holly,tarajo holly (kuding),Ilex latifolia,Aquifoliaceae,plant,kuding
appleberry,appleberry,Billardiera scandens,Pittosporaceae,plant,
purple-appleberry,purple appleberry,Billardiera longiflora,Pittosporaceae,plant,
spignel,spignel,Meum athamanticum,Apiaceae,plant,
kala-jeera,kala jeera (shahi jeera),Elwendia persica,Apiaceae,plant,shahi jeera
gotu-kola,gotu kola (pegaga),Centella asiatica,Apiaceae,plant,pegaga
lawn-pennywort,lawn pennywort,Hydrocotyle sibthorpioides,Araliaceae,plant,
wild-sarsaparilla,wild sarsaparilla,Aralia nudicaulis,Araliaceae,plant,
sanqi,sanqi,Panax notoginseng,Araliaceae,plant,
american-ginseng,American ginseng,Panax quinquefolius,Araliaceae,plant,
korean-ginseng,Korean ginseng,Panax ginseng,Araliaceae,plant,ginseng;ginsén;té de ginseng
japanese-ginseng,Japanese ginseng,Panax japonicus,Araliaceae,plant,
vietnamese-ginseng,Vietnamese ginseng,Panax vietnamensis,Araliaceae,plant,
american-spikenard,American spikenard,Aralia racemosa,Araliaceae,plant,
dokhwal,dokhwal,Aralia continentalis,Araliaceae,plant,
udo,udo,Aralia cordata,Araliaceae,plant,
japanese-angelica-tree,Japanese angelica tree (tara-no-me),Aralia elata,Araliaceae,plant,tara-no-me
shield-aralia,shield aralia,Polyscias scutellaria,Araliaceae,plant,
ming-aralia,Ming aralia,Polyscias fruticosa,Araliaceae,plant,
devils-club,devil's club (shoots),Oplopanax horridus,Araliaceae,plant,
snowflake-aralia,snowflake aralia (flowers),Trevesia palmata,Araliaceae,plant,
castor-aralia,castor aralia (shoots),Kalopanax septemlobus,Araliaceae,plant,
siberian-ginseng,Siberian ginseng,Eleutherococcus senticosus,Araliaceae,plant,
ogapi,ogapi,Eleutherococcus sessiliflorus,Araliaceae,plant,
koshiabura,koshiabura,Chengiopanax sciadophylloides,Araliaceae,plant,
macquarie-island-cabbage,Macquarie Island cabbage,Stilbocarpa polaris,Araliaceae,plant,
sea-holly,sea holly (root),Eryngium maritimum,Apiaceae,plant,
culantro,culantro,Eryngium foetidum,Apiaceae,plant,culantro;cilantro de monte;cilantro cimarrón;cilantro ancho;cilantro de hoja ancha;recao;recaíto;cilantro de coyote;chicoria;cilantro habanero;alcapate;samat;cilantro sabanero;cilantrón;ngo gai;cilantro de pata;cilantro extranjero;culantro habanero
striped-hemlock,striped hemlock (coscoll),Molopospermum peloponnesiacum,Apiaceae,plant,coscoll
anise,anise,Pimpinella anisum,Apiaceae,plant,anise;aniseed;anís
yampah,yampah,Perideridia gairdneri,Apiaceae,plant,
oregon-yampah,Oregon yampah,Perideridia oregana,Apiaceae,plant,
water-dropwort,water dropwort (seri),Oenanthe javanica,Apiaceae,plant,seri
skirret,skirret,Sium sisarum,Apiaceae,plant,
mitsuba,mitsuba,Cryptotaenia japonica,Apiaceae,plant,
honewort,honewort,Cryptotaenia canadensis,Apiaceae,plant,
cretan-athamanta,Cretan athamanta,Athamanta cretensis,Apiaceae,plant,
chuanxiong,chuanxiong,Ligusticum striatum,Apiaceae,plant,
osha,oshá,Ligusticum porteri,Apiaceae,plant,
alexanders,alexanders,Smyrnium olusatrum,Apiaceae,plant,
scots-lovage,Scots lovage,Ligusticum scoticum,Apiaceae,plant,
shepherds-needle,shepherd's needle,Scandix pecten-veneris,Apiaceae,plant,
sweet-cicely,sweet cicely,Myrrhis odorata,Apiaceae,plant,
chervil,chervil,Anthriscus cerefolium,Apiaceae,plant,perifollo
aniseroot,aniseroot,Osmorhiza longistylis,Apiaceae,plant,
turnip-rooted-chervil,turnip-rooted chervil,Chaerophyllum bulbosum,Apiaceae,plant,
cumin,cumin,Cuminum cyminum,Apiaceae,plant,cumin;comino
carrot,carrot,Daucus carota,Apiaceae,plant,carrot;carrots;zanahoria
giant-fennel,giant fennel (shoots),Ferula communis,Apiaceae,plant,
asafoetida,asafoetida,Ferula assa-foetida,Apiaceae,plant,
galbanum,galbanum,Ferula gummosa,Apiaceae,plant,
asafoetida-2,asafoetida (foetida),Ferula foetida,Apiaceae,plant,
radhuni,radhuni,Trachyspermum roxburghianum,Apiaceae,plant,
dill,dill,Anethum graveolens,Apiaceae,plant,dill;eneldo;hinojo de perro
celery,celery / celeriac,Apium graveolens,Apiaceae,plant,celeriac;celery;celery seed;apio;apio nabo;apionabo;apio rábano;sal de apio
sea-celery,sea celery,Apium prostratum,Apiaceae,plant,
false-fennel,false fennel,Ridolfia segetum,Apiaceae,plant,
fennel,fennel,Foeniculum vulgare,Apiaceae,plant,fennel;fennel seed;hinojo;anís de hinojo
khella,khella,Ammi visnaga,Apiaceae,plant,
parsley,parsley,Petroselinum crispum,Apiaceae,plant,parsley;perejil
burnet-saxifrage,burnet saxifrage,Pimpinella saxifraga,Apiaceae,plant,
ground-elder,ground elder,Aegopodium podagraria,Apiaceae,plant,
sickleweed,sickleweed (paghazeh),Falcaria vulgaris,Apiaceae,plant,paghazeh
caraway,caraway,Carum carvi,Apiaceae,plant,caraway;alcaravea;comino de prado;carvi
rock-samphire,rock samphire,Crithmum maritimum,Apiaceae,plant,hinojo marino;hinojo de mar;perejil de mar;perejil marino;empetro;cresta marina
ajwain,ajwain,Trachyspermum ammi,Apiaceae,plant,ajowan;ajwain;comino de etiopía
great-pignut,great pignut (earth chestnut),Bunium bulbocastanum,Apiaceae,plant,earth chestnut
dong-quai,dong quai,Angelica sinensis,Apiaceae,plant,
gmelins-angelica,Gmelin's angelica,Coelopleurum gmelinii,Apiaceae,plant,
lovage,lovage,Levisticum officinale,Apiaceae,plant,levístico;apio de monte;ligústico
cilantro,cilantro / coriander,Coriandrum sativum,Apiaceae,plant,coriander;cilantro;coriandro;culantro de castilla
parsnip,parsnip,Pastinaca sativa,Apiaceae,plant,parsnip;chirivía;pastinaca
mediterranean-hartwort,Mediterranean hartwort (kafkalithra),Tordylium apulum,Apiaceae,plant,kafkalithra
hogweed,hogweed,Heracleum sphondylium,Apiaceae,plant,
golpar,golpar,Heracleum persicum,Apiaceae,plant,
cow-parsnip,cow parsnip,Heracleum maximum,Apiaceae,plant,
masterwort,masterwort,Peucedanum ostruthium,Apiaceae,plant,
botanbofu,botanbofu,Peucedanum japonicum,Apiaceae,plant,
ashitaba,ashitaba,Angelica keiskei,Apiaceae,plant,
angelica,angelica,Angelica archangelica,Apiaceae,plant,
bai-zhi,bai zhi,Angelica dahurica,Apiaceae,plant,
korean-angelica,Korean angelica (chamdanggwi),Angelica gigas,Apiaceae,plant,chamdanggwi
hamabofu,hamabofu,Glehnia littoralis,Apiaceae,plant,
seacoast-angelica,seacoast angelica,Angelica lucida,Apiaceae,plant,
purplestem-angelica,purplestem angelica,Angelica atropurpurea,Apiaceae,plant,
indian-celery,Indian celery,Lomatium nudicaule,Apiaceae,plant,
cous-biscuitroot,cous biscuitroot,Lomatium cous,Apiaceae,plant,
arracacha,arracacha,Arracacia xanthorrhiza,Apiaceae,plant,arracacha;apio criollo;zanahoria blanca;racacha;virraca;mandioquinha;batata baroa
syrian-cephalaria,Syrian cephalaria (pelemir),Cephalaria syriaca,Caprifoliaceae,plant,pelemir
red-valerian,red valerian,Centranthus ruber,Caprifoliaceae,plant,
valerian,valerian,Valeriana officinalis,Caprifoliaceae,plant,valeriana;té de valeriana
corn-salad,corn salad (mâche),Valerianella locusta,Caprifoliaceae,plant,mâche
italian-corn-salad,Italian corn salad,Valerianella eriocarpa,Caprifoliaceae,plant,
african-valerian,African valerian,Fedia cornucopiae,Caprifoliaceae,plant,
white-patrinia,white patrinia,Patrinia villosa,Caprifoliaceae,plant,
golden-lace,golden lace (mattari),Patrinia scabiosifolia,Caprifoliaceae,plant,mattari
haskap,haskap (honeyberry),Lonicera caerulea,Caprifoliaceae,plant,honeyberry
japanese-honeysuckle,Japanese honeysuckle (flowers),Lonicera japonica,Caprifoliaceae,plant,
himalayan-honeysuckle,Himalayan honeysuckle,Leycesteria formosa,Caprifoliaceae,plant,
highbush-cranberry,highbush cranberry,Viburnum trilobum,Adoxaceae,plant,
linden-arrowwood,linden arrowwood (fruit),Viburnum dilatatum,Adoxaceae,plant,
squashberry,squashberry,Viburnum edule,Adoxaceae,plant,
guelder-rose,guelder rose (kalina),Viburnum opulus,Adoxaceae,plant,kalina
blackhaw,blackhaw,Viburnum prunifolium,Adoxaceae,plant,
nannyberry,nannyberry,Viburnum lentago,Adoxaceae,plant,
witherod,witherod,Viburnum cassinoides,Adoxaceae,plant,
elder,elder,Sambucus nigra,Adoxaceae,plant,elderberry;elderflower;saúco
american-elder,American elder,Sambucus canadensis,Adoxaceae,plant,
blue-elderberry,blue elderberry,Sambucus cerulea,Adoxaceae,plant,
chinese-elder,Chinese elder,Sambucus williamsii,Adoxaceae,plant,
red-elder,red elder (cooked),Sambucus racemosa,Adoxaceae,plant,
baroe,baroe,Cyphia digitata,Campanulaceae,plant,
balloon-flower,balloon flower (doraji),Platycodon grandiflorus,Campanulaceae,plant,doraji
canary-bellflower,Canary bellflower (fruit),Canarina canariensis,Campanulaceae,plant,
deodeok,deodeok,Codonopsis lanceolata,Campanulaceae,plant,
dangshen,dangshen,Codonopsis pilosula,Campanulaceae,plant,
shashen,shashen,Adenophora stricta,Campanulaceae,plant,
japanese-lady-bell,Japanese lady bell (jandae),Adenophora triphylla,Campanulaceae,plant,jandae
spiked-rampion,spiked rampion,Phyteuma spicatum,Campanulaceae,plant,
creeping-bellflower,creeping bellflower (root),Campanula rapunculoides,Campanulaceae,plant,
rampion,rampion,Campanula rapunculus,Campanulaceae,plant,
bogbean,bogbean,Menyanthes trifoliata,Menyanthaceae,plant,
fringed-water-lily,fringed water lily (xing cai),Nymphoides peltata,Menyanthaceae,plant,xing cai
lyrate-hemistepta,lyrate hemistepta,Hemistepta lyrata,Asteraceae,plant,
wall-lettuce,wall lettuce,Mycelis muralis,Asteraceae,plant,
stemless-carline-thistle,stemless carline thistle,Carlina acaulis,Asteraceae,plant,
cotton-thistle,cotton thistle,Onopordum acanthium,Asteraceae,plant,
purple-milk-thistle,purple milk thistle,Galactites tomentosus,Asteraceae,plant,
artichoke,artichoke / cardoon,Cynara cardunculus,Asteraceae,plant,cardoon;artichoke;alcachofa;alcaucil;cardo
syrian-thistle,Syrian thistle,Notobasis syriaca,Asteraceae,plant,
milk-thistle,milk thistle,Silybum marianum,Asteraceae,plant,
yamagobo,yamagobo,Cirsium dipsacolepis,Asteraceae,plant,
cabbage-thistle,cabbage thistle,Cirsium oleraceum,Asteraceae,plant,
edible-thistle,edible thistle,Cirsium edule,Asteraceae,plant,
burdock,burdock (gobo),Arctium lappa,Asteraceae,plant,gobo
lesser-burdock,lesser burdock,Arctium minus,Asteraceae,plant,
costus-root,costus root,Saussurea costus,Asteraceae,plant,
safflower,safflower,Carthamus tinctorius,Asteraceae,plant,
cornflower,cornflower (petals),Centaurea cyanus,Asteraceae,plant,
blessed-thistle,blessed thistle,Centaurea benedicta,Asteraceae,plant,
cameroon-bitterleaf,Cameroon bitterleaf,Vernonia hymenolepis,Asteraceae,plant,
sweet-bitterleaf,sweet bitterleaf,Vernonia calvoana,Asteraceae,plant,
bitter-leaf,bitter leaf,Vernonia amygdalina,Asteraceae,plant,
akkoub,akkoub (tumble thistle),Gundelia tournefortii,Asteraceae,plant,tumble thistle
spotted-golden-thistle,spotted golden thistle,Scolymus maculatus,Asteraceae,plant,
golden-thistle,golden thistle (tagarnina),Scolymus hispanicus,Asteraceae,plant,tagarnina
cut-leaved-vipers-grass,cut-leaved viper's grass,Podospermum laciniatum,Asteraceae,plant,
black-salsify,black salsify,Scorzonera hispanica,Asteraceae,plant,
salsify,salsify,Tragopogon porrifolius,Asteraceae,plant,
meadow-salsify,meadow salsify,Tragopogon pratensis,Asteraceae,plant,
yellow-salsify,yellow salsify,Tragopogon dubius,Asteraceae,plant,
stamnagathi,stamnagathi,Cichorium spinosum,Asteraceae,plant,
chicory,chicory / radicchio,Cichorium intybus,Asteraceae,plant,radicchio;chicory;belgian endive;witloof;achicoria;radicheta;endivia belga;endibia;café de achicoria
endive,endive / escarole,Cichorium endivia,Asteraceae,plant,escarole;endive;frisee;escarola;endivia rizada
murnong,murnong (yam daisy),Microseris lanceolata,Asteraceae,plant,yam daisy
alpine-sow-thistle,alpine sow-thistle (turt),Cicerbita alpina,Asteraceae,plant,turt
indian-lettuce,Indian lettuce,Lactuca indica,Asteraceae,plant,
prickly-lettuce,prickly lettuce,Lactuca serriola,Asteraceae,plant,
lettuce,lettuce,Lactuca sativa,Asteraceae,plant,lettuce;romaine;iceberg;salad greens;mesclun;lechuga;lechuga iceberg;cogollos de tudela;cogollos;ensalada verde
blue-lettuce,blue lettuce,Lactuca perennis,Asteraceae,plant,
hyoseris,hyoseris,Hyoseris radiata,Asteraceae,plant,
french-scorzonera,French scorzonera,Reichardia picroides,Asteraceae,plant,
african-lettuce,African lettuce,Launaea taraxacifolia,Asteraceae,plant,
wild-lettuce,wild lettuce (East Africa),Launaea cornuta,Asteraceae,plant,
field-sow-thistle,field sow thistle,Sonchus arvensis,Asteraceae,plant,
sow-thistle,sow thistle,Sonchus oleraceus,Asteraceae,plant,
prickly-sow-thistle,prickly sow thistle,Sonchus asper,Asteraceae,plant,
skeletonweed,skeletonweed,Chondrilla juncea,Asteraceae,plant,
cats-ear,cat's ear,Hypochaeris radicata,Asteraceae,plant,
cretan-weed,Cretan weed,Hedypnois rhagadioloides,Asteraceae,plant,
bristly-oxtongue,bristly oxtongue,Helminthotheca echioides,Asteraceae,plant,
dandelion,dandelion,Taraxacum officinale,Asteraceae,plant,dandelion;diente de león;amargón;achicoria amarga;dientes de león
sseumbagwi,sseumbagwi,Ixeris dentata,Asteraceae,plant,
go-deul-ppae-gi,go-deul-ppae-gi,Crepidiastrum sonchifolium,Asteraceae,plant,
oriental-false-hawksbeard,Oriental false hawksbeard,Youngia japonica,Asteraceae,plant,
nipplewort,nipplewort,Lapsana communis,Asteraceae,plant,
star-hawkbit,star hawkbit,Rhagadiolus stellatus,Asteraceae,plant,
beaked-hawksbeard,beaked hawksbeard,Crepis vesicaria,Asteraceae,plant,
coltsfoot,coltsfoot,Tussilago farfara,Asteraceae,plant,
fuki,fuki (butterbur),Petasites japonicus,Asteraceae,plant,butterbur
arctic-sweet-coltsfoot,Arctic sweet coltsfoot,Petasites frigidus,Asteraceae,plant,
gomchwi,gomchwi,Ligularia fischeri,Asteraceae,plant,
momijigasa,momijigasa,Parasenecio delphiniifolius,Asteraceae,plant,
tsuwabuki,tsuwabuki,Farfugium japonicum,Asteraceae,plant,
usan-namul,usan-namul,Syneilesis palmata,Asteraceae,plant,
bai-zi-cai,bai zi cai,Gynura divaricata,Asteraceae,plant,
okinawan-spinach,Okinawan spinach,Gynura bicolor,Asteraceae,plant,
longevity-spinach,longevity spinach,Gynura procumbens,Asteraceae,plant,
yoruba-bologi,Yoruba bologi,Crassocephalum rubens,Asteraceae,plant,
ebolo,ebolo (fireweed),Crassocephalum crepidioides,Asteraceae,plant,fireweed
scarlet-tasselflower,scarlet tasselflower,Emilia coccinea,Asteraceae,plant,
lilac-tasselflower,lilac tasselflower,Emilia sonchifolia,Asteraceae,plant,
pot-marigold,pot marigold,Calendula officinalis,Asteraceae,plant,
field-marigold,field marigold,Calendula arvensis,Asteraceae,plant,
roman-chamomile,Roman chamomile,Chamaemelum nobile,Asteraceae,plant,manzanilla romana
tansy,tansy,Tanacetum vulgare,Asteraceae,plant,
costmary,costmary,Tanacetum balsamita,Asteraceae,plant,
german-chamomile,German chamomile,Matricaria chamomilla,Asteraceae,plant,chamomile;manzanilla;té de manzanilla;camomila
yarrow,yarrow,Achillea millefolium,Asteraceae,plant,
corn-marigold,corn marigold (mantilida),Glebionis segetum,Asteraceae,plant,mantilida
garland-chrysanthemum,garland chrysanthemum (shungiku),Glebionis coronaria,Asteraceae,plant,shungiku
florists-chrysanthemum,florist's chrysanthemum (tea),Chrysanthemum morifolium,Asteraceae,plant,
indian-chrysanthemum,Indian chrysanthemum,Chrysanthemum indicum,Asteraceae,plant,
genepi,génépi,Artemisia genipi,Asteraceae,plant,
white-genepi,white génépi,Artemisia umbelliformis,Asteraceae,plant,
wormwood,wormwood,Artemisia absinthium,Asteraceae,plant,
tree-wormwood,tree wormwood (sheeba),Artemisia arborescens,Asteraceae,plant,sheeba
glacier-wormwood,glacier wormwood,Artemisia glacialis,Asteraceae,plant,
white-sagebrush,white sagebrush,Artemisia ludoviciana,Asteraceae,plant,
white-mugwort,white mugwort,Artemisia lactiflora,Asteraceae,plant,
mugwort,mugwort,Artemisia vulgaris,Asteraceae,plant,
chinese-mugwort,Chinese mugwort,Artemisia argyi,Asteraceae,plant,
japanese-mugwort,Japanese mugwort (yomogi),Artemisia princeps,Asteraceae,plant,yomogi
southernwood,southernwood,Artemisia abrotanum,Asteraceae,plant,
african-wormwood,African wormwood,Artemisia afra,Asteraceae,plant,
roman-wormwood,Roman wormwood,Artemisia pontica,Asteraceae,plant,
sweet-wormwood,sweet wormwood (qinghao),Artemisia annua,Asteraceae,plant,qinghao
white-wormwood,white wormwood (shih),Artemisia herba-alba,Asteraceae,plant,shih
tarragon,tarragon,Artemisia dracunculus,Asteraceae,plant,tarragon;estragón;tarragón
daisy,daisy,Bellis perennis,Asteraceae,plant,
tatarian-aster,Tatarian aster (root),Aster tataricus,Asteraceae,plant,
yomena,yomena,Aster yomena,Asteraceae,plant,
carqueja,carqueja,Baccharis trimera,Asteraceae,plant,carqueja;carquejilla
chwinamul,chwinamul,Doellingeria scabra,Asteraceae,plant,
sweet-goldenrod,sweet goldenrod,Solidago odora,Asteraceae,plant,
sambong,sambong,Blumea balsamifera,Asteraceae,plant,
elecampane,elecampane,Inula helenium,Asteraceae,plant,
indian-camphorweed,Indian camphorweed (beluntas),Pluchea indica,Asteraceae,plant,beluntas
curry-plant,curry plant,Helichrysum italicum,Asteraceae,plant,
red-dahlia,red dahlia (tubers),Dahlia coccinea,Asteraceae,plant,dalia roja;dalia silvestre;dalia escarlata;dalia coccinea;dalia de monte;dalia mexicana
garden-dahlia,garden dahlia (tubers),Dahlia pinnata,Asteraceae,plant,dalia
ulam-raja,ulam raja,Cosmos caudatus,Asteraceae,plant,
sulphur-cosmos,sulphur cosmos (flowers),Cosmos sulphureus,Asteraceae,plant,
blackjack,blackjack (leaves),Bidens pilosa,Asteraceae,plant,
sumpweed,sumpweed,Iva annua,Asteraceae,plant,
sochan,sochan,Rudbeckia laciniata,Asteraceae,plant,
false-daisy,false daisy,Eclipta prostrata,Asteraceae,plant,
beach-sunflower,beach sunflower (leaves),Melanthera biflora,Asteraceae,plant,
chinese-wedelia,Chinese wedelia,Wedelia chinensis,Asteraceae,plant,
toothache-plant,toothache plant (jambu),Acmella oleracea,Asteraceae,plant,jambu
purple-coneflower,purple coneflower,Echinacea purpurea,Asteraceae,plant,
narrow-leaved-coneflower,narrow-leaved coneflower,Echinacea angustifolia,Asteraceae,plant,
sunflower,sunflower,Helianthus annuus,Asteraceae,plant,sunflower;sunflower oil;sunflower seeds;girasol;pipas;maravilla;pepitas de girasol
woodland-sunflower,woodland sunflower (tubers),Helianthus strumosus,Asteraceae,plant,
jerusalem-artichoke,Jerusalem artichoke,Helianthus tuberosus,Asteraceae,plant,topinambur;tupinambo;alcachofa de jerusalén;pataca;topinambo;aguaturma
niger-seed,niger seed (nug),Guizotia abyssinica,Asteraceae,plant,nug
coat-buttons,coat buttons,Tridax procumbens,Asteraceae,plant,
shaggy-soldier,shaggy soldier,Galinsoga quadriradiata,Asteraceae,plant,
guascas,guascas,Galinsoga parviflora,Asteraceae,plant,guasca;hierba de ajiaco;yerba de ajiaco;mielcilla;piojito;saetilla
yacon,yacón,Smallanthus sonchifolius,Asteraceae,plant,yacón;llacón;aricoma
signet-marigold,signet marigold,Tagetes tenuifolia,Asteraceae,plant,
anisillo,anisillo,Tagetes filifolia,Asteraceae,plant,anisillo;anís de campo;hierba anís
mexican-tarragon,Mexican tarragon,Tagetes lucida,Asteraceae,plant,pericón;yerbaniz;hierbanís;yerba anís;tarragón mexicano;estragón mexicano;santa maría
aztec-marigold,Aztec marigold,Tagetes erecta,Asteraceae,plant,cempasúchil;flor de muerto;zempasúchil;cempoal
french-marigold,French marigold,Tagetes patula,Asteraceae,plant,
huacatay,huacatay,Tagetes minuta,Asteraceae,plant,huacatay;wacatay;chinchilla;chiquilla;suico;ocopa hierba
pipicha,pipicha,Porophyllum linaria,Asteraceae,plant,pipicha;pipitza;pepicha;chepiche
papalo,pápalo,Porophyllum ruderale,Asteraceae,plant,pápalo;papaloquelite;quilquiña;quirquiña;killi
cinchweed,cinchweed (limoncillo),Pectis papposa,Asteraceae,plant,limoncillo
helencha,helencha,Enydra fluctuans,Asteraceae,plant,
madia,madia (melosa),Madia sativa,Asteraceae,plant,melosa
stevia,stevia,Stevia rebaudiana,Asteraceae,plant,stevia;estevia;yerba dulce;kaá heé;ka'a he'ê
vanilla-plant,vanilla plant (deer tongue),Carphephorus odoratissimus,Asteraceae,plant,deer tongue
ayapana,ayapana,Ayapana triplinervis,Asteraceae,plant,
umari,umari,Poraqueiba sericea,Icacinaceae,plant,
man-of-the-earth,man-of-the-earth (root),Ipomoea pandurata,Convolvulaceae,plant,
bush-potato,bush potato (Ipomoea),Ipomoea costata,Convolvulaceae,plant,
bush-morning-glory,bush morning glory (root),Ipomoea leptophylla,Convolvulaceae,plant,
sweet-potato,sweet potato,Ipomoea batatas,Convolvulaceae,plant,sweet potato;yam (US);camote;batata;boniato;papa dulce;patata dulce;chaco;kumara;moniato;boniatillo
water-spinach,water spinach (kangkong),Ipomoea aquatica,Convolvulaceae,plant,kangkong;espinaca de agua;kangkung;espinaca china de agua;ong choy;batata de agua
rocoto,rocoto,Capsicum pubescens,Solanaceae,plant,rocoto;locoto;chile manzano;chiles manzanos;chile perón;chile canario;chile ciruelo;salsa de rocoto;pasta de rocoto;chile de cera;chile caballo;chile chamburoto;ají rocoto;ají locoto
habanero,habanero,Capsicum chinense,Solanaceae,plant,habanero;scotch bonnet;ají panca;pasta de ají panca;ají limo;ají charapita;charapita;ají dulce;ajíes dulces;ají cachucha;ají gustoso;ají criollo;ajicito;ají chombo;chile chombo;chile congo;chile panameño;ají chivato;ají pajarito;ají chirel;chile guaguao;ají guaguao;chile cabro;ají de jardín
aji-amarillo,ají amarillo,Capsicum baccatum,Solanaceae,plant,ají amarillo;ajíes amarillos;ají escabeche;ají mirasol;pasta de ají amarillo;ají campanita;ají mochero;ají arnaucho;ají ayuyo;ají dedo de niña;dedo de moza;ají putaparió;ají cumbarí;ají chinchi uchu
tabasco-eye,tabasco / bird's eye,Capsicum frutescens,Solanaceae,plant,bird's eye;tabasco;salsa tabasco;chile tabasco;piri piri;peri peri;malagueta;chile malagueta;ají malagueta;chile bravo;ají bravo;ají chiquito;ají de monte;chile de monte;ají pique;chile pajarito;siling labuyo;ají cayena
chili-pepper,chili / bell pepper,Capsicum annuum,Solanaceae,plant,bell pepper;chili;jalapeno;paprika;cayenne;chilli;red pepper flakes;chile;jalapeño;chipotle;serrano;poblano;guajillo;pasilla;piquín;pequín;morita;chilaca;cayena;pimienta de cayena;pimiento;morrón;pimentón;piquillo;ñora;guindilla;rajas;merkén;merquén;ají de color;ají color;ají cacho de cabra;cacho de cabra;ají cristal;ají verde;ají chileno;salsa picante;ají picante;ají molido;ají en polvo;ají
cutleaf-groundcherry,cutleaf groundcherry,Physalis angulata,Solanaceae,plant,tomatillo silvestre;capulí angulata;bolsa mullaca;mullaca
strawberry-tomato,strawberry tomato,Physalis grisea,Solanaceae,plant,
ground-cherry,ground cherry,Physalis pruinosa,Solanaceae,plant,tomatillo de tierra;cereza de tierra
goldenberry,goldenberry (cape gooseberry),Physalis peruviana,Solanaceae,plant,cape gooseberry;uchuva;aguaymanto;uvilla;physalis;alquequenje;topotopo;tomatito silvestre;fisalis;amor en bolsa;cereza del perú;ushun;motojobobo;golden berry
tomatillo,tomatillo,Physalis philadelphica,Solanaceae,plant,tomatillo;tomate verde;tomates verdes;tomate de cáscara;tomate de milpa;tomate de fresadilla;miltomate;tomate mexicano;tomate de hoja;tomate de bolsa
husk-tomato,husk tomato,Physalis pubescens,Solanaceae,plant,
chinese-lantern,Chinese lantern,Physalis alkekengi,Solanaceae,plant,
paneer-dodi,paneer dodi (vegetable rennet),Withania coagulans,Solanaceae,plant,vegetable rennet
ashwagandha,ashwagandha,Withania somnifera,Solanaceae,plant,ashwagandha;ginseng indio;bufera;oroval;cereza de invierno;hierba del sueño
jaltomate,jaltomate,Jaltomata procumbens,Solanaceae,plant,jaltomate;jaltomata
bitter-potato,bitter potato (curtilobum),Solanum curtilobum,Solanaceae,plant,
bitter-potato-2,bitter potato (juzepczukii),Solanum juzepczukii,Solanaceae,plant,
ajanhuiri-potato,ajanhuiri potato,Solanum ajanhuiri,Solanaceae,plant,
naranjilla,naranjilla (lulo),Solanum quitoense,Solanaceae,plant,lulo;naranjilla;lulada
black-nightshade,black nightshade (cooked),Solanum nigrum,Solanaceae,plant,hierba mora;yerba mora;hierbamora
hairy-nightshade,hairy nightshade,Solanum villosum,Solanaceae,plant,
potato,potato,Solanum tuberosum,Solanaceae,plant,potato;potatoes;fries;french fries;chips;papa;cachelos;cachelo;patata;puré;chuño;tunta;moraya;milcao;chapalele;tortilla de papas
pitiquina-potato,pitiquiña potato,Solanum stenotomum,Solanaceae,plant,
currant-tomato,currant tomato,Solanum pimpinellifolium,Solanaceae,plant,
tomato,tomato,Solanum lycopersicum,Solanaceae,plant,tomato;tomatoes;ketchup;catsup;tomato paste;marinara;salsa;tomate;jitomate;tomate cherry;tomate pera;tomate riñón;pasta de tomate;puré de tomate;salsa de tomate;salsa de jitomate;salmorejo;chirmol;chirmole
pepino-dulce,pepino dulce,Solanum muricatum,Solanaceae,plant,pepino dulce;pepinos dulces;pepino melón;pepino de fruta;pepino andino;melón de árbol;pepino peruano
tzimbalo,tzimbalo,Solanum caripense,Solanaceae,plant,tzimbalo;zimbalo
american-nightshade,American nightshade,Solanum americanum,Solanaceae,plant,macuy;quilete;hierba mora americana;yerba mora americana
wonderberry,wonderberry,Solanum retroflexum,Solanaceae,plant,
garden-huckleberry,garden huckleberry (managu),Solanum scabrum,Solanaceae,plant,managu
turkey-berry,turkey berry (pea eggplant),Solanum torvum,Solanaceae,plant,pea eggplant;friegaplatos;friega platos;berenjena de gallina;tomatillo de perro;berenjena silvestre
african-eggplant,African eggplant (garden egg),Solanum aethiopicum,Solanaceae,plant,garden egg;berenjena africana;berenjena escarlata;tomate amargo;jiló;gilo
forest-bitterberry,forest bitterberry,Solanum anguivi,Solanaceae,plant,
gboma-eggplant,gboma eggplant,Solanum macrocarpon,Solanaceae,plant,
eggplant,eggplant,Solanum melongena,Solanaceae,plant,eggplant;aubergine;berenjena;berenjena china;escalivada
bush-tomato,bush tomato (desert raisin),Solanum centrale,Solanaceae,plant,desert raisin
wolf-apple,wolf apple,Solanum lycocarpum,Solanaceae,plant,
litchi-tomato,litchi tomato,Solanum sisymbriifolium,Solanaceae,plant,tutiá;tomatillo espinoso;revienta caballos;espina colorada
cocona,cocona,Solanum sessiliflorum,Solanaceae,plant,cocona;cubiu;topiro;tupiro;lulo amazónico
tamarillo,tamarillo,Solanum betaceum,Solanaceae,plant,tomate de árbol;tomates de árbol;tamarillo;tomate de palo;tomate andino;tomate serrano;sachatomate;tomate chilto;ají de tomate de árbol
water-jacket,water jacket (berries),Lycium andersonii,Solanaceae,plant,
goji-berry,goji berry,Lycium barbarum,Solanaceae,plant,
chinese-boxthorn,"Chinese boxthorn (goji, leaves)",Lycium chinense,Solanaceae,plant,goji
black-goji,black goji,Lycium ruthenicum,Solanaceae,plant,
chickenspike,chickenspike,Sphenoclea zeylanica,Sphenocleaceae,plant,
black-monkey-orange,black monkey orange,Strychnos madagascariensis,Loganiaceae,plant,
corky-bark-monkey-orange,corky-bark monkey orange,Strychnos cocculoides,Loganiaceae,plant,
monkey-orange,monkey orange,Strychnos spinosa,Loganiaceae,plant,
centaury,centaury,Centaurium erythraea,Gentianaceae,plant,
yellow-gentian,yellow gentian,Gentiana lutea,Gentianaceae,plant,
chirayta,chirayta,Swertia chirayita,Gentianaceae,plant,
natal-plum,Natal plum,Carissa macrocarpa,Apocynaceae,plant,
karonda,karonda,Carissa carandas,Apocynaceae,plant,
conkerberry,conkerberry,Carissa spinarum,Apocynaceae,plant,
willughbeia,willughbeia (fruit),Willughbeia angustifolia,Apocynaceae,plant,
weda,weda (madd),Saba senegalensis,Apocynaceae,plant,madd
bungo,bungo,Saba comorensis,Apocynaceae,plant,
white-rubber-vine,white rubber vine (fruit),Landolphia owariensis,Apocynaceae,plant,
sand-apricot-vine,sand apricot-vine,Landolphia kirkii,Apocynaceae,plant,
mangaba,mangaba,Hancornia speciosa,Apocynaceae,plant,
sorva-pequena,sorva pequena,Couma utilis,Apocynaceae,plant,
sorva,sorva,Couma macrocarpa,Apocynaceae,plant,
kambroo,kambroo,Fockea edulis,Apocynaceae,plant,
utazi,utazi,Gongronema latifolium,Apocynaceae,plant,
green-wax-flower,green wax flower (leaves),Dregea volubilis,Apocynaceae,plant,
tonkin-jasmine,Tonkin jasmine (flowers),Telosma cordata,Apocynaceae,plant,
gurmar,gurmar,Gymnema sylvestre,Apocynaceae,plant,
leptadenia,leptadenia (leaves),Leptadenia hastata,Apocynaceae,plant,
ceropegia,ceropegia (tuber),Ceropegia bulbosa,Apocynaceae,plant,
edible-caralluma,edible caralluma,Caralluma edulis,Apocynaceae,plant,
caralluma,caralluma,Caralluma fimbriata,Apocynaceae,plant,
hoodia,hoodia,Hoodia gordonii,Apocynaceae,plant,
showy-milkweed,showy milkweed,Asclepias speciosa,Apocynaceae,plant,
common-milkweed,"common milkweed (shoots, pods)",Asclepias syriaca,Apocynaceae,plant,
cuayote,cuayote,Gonolobus edulis,Apocynaceae,plant,
firebush,firebush (fruit),Hamelia patens,Rubiaceae,plant,
red-cinchona,red cinchona,Cinchona pubescens,Rubiaceae,plant,
quinine-bark,quinine bark,Cinchona officinalis,Rubiaceae,plant,
african-peach,African peach,Sarcocephalus latifolius,Rubiaceae,plant,
gambir,gambir,Uncaria gambir,Rubiaceae,plant,
needle-flower-tree,needle flower tree (fruit),Posoqueria latifolia,Rubiaceae,plant,
wild-medlar,wild medlar,Vangueria infausta,Rubiaceae,plant,
spanish-tamarind,Spanish tamarind,Vangueria madagascariensis,Rubiaceae,plant,
borojo,borojó,Borojoa patinoi,Rubiaceae,plant,
liberica-coffee,liberica coffee,Coffea liberica,Rubiaceae,plant,
robusta-coffee,robusta coffee,Coffea canephora,Rubiaceae,plant,robusta coffee;café robusta;robusta
arabica-coffee,arabica coffee,Coffea arabica,Rubiaceae,plant,coffee;espresso;café;café con leche;cortado;expreso;cafecito;capuchino;nescafé;cafeína
highland-coffee,highland coffee,Coffea stenophylla,Rubiaceae,plant,
marmelada,marmelada,Alibertia edulis,Rubiaceae,plant,
jenipapo,jenipapo,Genipa americana,Rubiaceae,plant,
gardenia,"gardenia (fruit, Sahel)",Gardenia erubescens,Rubiaceae,plant,
gardenia-2,gardenia (fruit colourant),Gardenia jasminoides,Rubiaceae,plant,
papache,papache,Randia echinocarpa,Rubiaceae,plant,
noni,noni,Morinda citrifolia,Rubiaceae,plant,
sweet-woodruff,sweet woodruff,Galium odoratum,Rubiaceae,plant,
ladys-bedstraw,lady's bedstraw (rennet),Galium verum,Rubiaceae,plant,
white-leaved-savory,white-leaved savory (zuta),Micromeria fruticosa,Lamiaceae,plant,zuta
arabian-jasmine,Arabian jasmine (jasmine tea),Jasminum sambac,Oleaceae,plant,jasmine tea
common-jasmine,common jasmine (flavouring),Jasminum officinale,Oleaceae,plant,
lilac,lilac (flowers),Syringa vulgaris,Oleaceae,plant,
manna-ash,manna ash,Fraxinus ornus,Oleaceae,plant,
osmanthus,osmanthus (gui hua),Osmanthus fragrans,Oleaceae,plant,gui hua
olive,olive,Olea europaea,Oleaceae,plant,olive;olive oil;olives;aceituna;oliva;tapenade
brahmi,brahmi,Bacopa monnieri,Plantaginaceae,plant,
sweet-broom,sweet broom,Scoparia dulcis,Plantaginaceae,plant,
rice-paddy-herb,rice paddy herb (ngò om),Limnophila aromatica,Plantaginaceae,plant,ngò om
black-psyllium,black psyllium,Plantago afra,Plantaginaceae,plant,
psyllium,psyllium,Plantago ovata,Plantaginaceae,plant,
ribwort-plantain,ribwort plantain,Plantago lanceolata,Plantaginaceae,plant,
bucks-horn-plantain,buck's-horn plantain (erba stella),Plantago coronopus,Plantaginaceae,plant,erba stella
asian-plantain,Asian plantain (oobako),Plantago asiatica,Plantaginaceae,plant,oobako
greater-plantain,greater plantain,Plantago major,Plantaginaceae,plant,llantén;plantago
american-brooklime,American brooklime,Veronica americana,Plantaginaceae,plant,
brooklime,brooklime,Veronica beccabunga,Plantaginaceae,plant,
goatweed,goatweed (tea),Capraria biflora,Scrophulariaceae,plant,
great-mullein,great mullein (tea),Verbascum thapsus,Scrophulariaceae,plant,
vervain,vervain (tea),Verbena officinalis,Verbenaceae,plant,
te-de-burro,té de burro,Aloysia polystachya,Verbenaceae,plant,té de burro;té de burrito
lemon-verbena,lemon verbena,Aloysia citrodora,Verbenaceae,plant,cedrón;hierba luisa;hierbaluisa;yerba luisa;verbena de limón;maría luisa
aztec-sweet-herb,Aztec sweet herb,Phyla scaberrima,Verbenaceae,plant,
mexican-oregano,Mexican oregano,Lippia graveolens,Verbenaceae,plant,orégano mexicano;orégano de méxico;orégano de campo;orégano cimarrón;orégano criollo;orégano de monte mexicano
bushy-lippia,bushy lippia,Lippia alba,Verbenaceae,plant,juanilama;salvia sija;pronto alivio;prontoalivio;salvia santa;cidrón de monte;hierba del negro;curatodo;curalotodo;orégano poleo;toronjil de monte
fever-tea,fever tea,Lippia javanica,Verbenaceae,plant,
black-benniseed,black benniseed (leaves),Sesamum radiatum,Pedaliaceae,plant,
false-sesame,false sesame,Ceratotheca sesamoides,Pedaliaceae,plant,
sesame,sesame,Sesamum indicum,Pedaliaceae,plant,sesame;tahini;sesame oil;sesame seeds;sésamo;ajonjolí;tahina;pasta de sésamo
garlic-vine,garlic vine,Mansoa alliacea,Bignoniaceae,plant,
broken-bones-tree,broken bones tree (pods),Oroxylum indicum,Bignoniaceae,plant,
sausage-tree,sausage tree (fermented),Kigelia africana,Bignoniaceae,plant,
mangrove-trumpet-tree,mangrove trumpet tree (flowers),Dolichandrone spathacea,Bignoniaceae,plant,
cuajilote,cuajilote,Parmentiera aculeata,Bignoniaceae,plant,
candle-tree,candle tree,Parmentiera cereifera,Bignoniaceae,plant,
calabash-tree,calabash tree (seeds),Crescentia cujete,Bignoniaceae,plant,
jicaro,jícaro,Crescentia alata,Bignoniaceae,plant,jícaro;morro
devils-claw,"devil's claw (pods, seeds)",Proboscidea parviflora,Martyniaceae,plant,
grey-mangrove,grey mangrove (processed seeds),Avicennia marina,Acanthaceae,plant,
justicia,"justicia (leaves, Africa)",Justicia insularis,Acanthaceae,plant,
chinese-violet,Chinese violet (leaves),Asystasia gangetica,Acanthaceae,plant,
mushroom-plant,mushroom plant,Rungia klossii,Acanthaceae,plant,
kokilaksha,kokilaksha (seed),Hygrophila auriculata,Acanthaceae,plant,
king-of-bitters,king of bitters,Andrographis paniculata,Acanthaceae,plant,
seep-monkeyflower,seep monkeyflower (greens),Mimulus guttatus,Phrymaceae,plant,
dihuang,dihuang,Rehmannia glutinosa,Orobanchaceae,plant,
desert-cistanche,desert cistanche (rou cong rong),Cistanche deserticola,Orobanchaceae,plant,rou cong rong
azafran-de-raiz,azafrán de raíz,Escobedia grandiflora,Orobanchaceae,plant,
eyebright,eyebright,Euphrasia officinalis,Orobanchaceae,plant,
black-plum,black plum (Vitex),Vitex doniana,Lamiaceae,plant,
chaste-tree,chaste tree (monk's pepper),Vitex agnus-castus,Lamiaceae,plant,monk's pepper
round-leaved-mintbush,round-leaved mintbush,Prostanthera rotundifolia,Lamiaceae,plant,
east-indian-glory-bower,East Indian glory bower (leaves),Clerodendrum glandulosum,Lamiaceae,plant,
chinese-artichoke,Chinese artichoke (crosnes),Stachys affinis,Lamiaceae,plant,crosnes
marsh-woundwort,marsh woundwort (tubers),Stachys palustris,Lamiaceae,plant,
greek-mountain-tea,Greek mountain tea,Sideritis raeseri,Lamiaceae,plant,
mountain-tea,mountain tea (Sideritis),Sideritis scardica,Lamiaceae,plant,
cretan-mountain-tea,Cretan mountain tea,Sideritis syriaca,Lamiaceae,plant,
horehound,horehound,Marrubium vulgare,Lamiaceae,plant,
thumbai,thumbai (leaves),Leucas aspera,Lamiaceae,plant,
white-deadnettle,white deadnettle,Lamium album,Lamiaceae,plant,
purple-deadnettle,purple deadnettle,Lamium purpureum,Lamiaceae,plant,
shiso,shiso (perilla),Perilla frutescens,Lamiaceae,plant,perilla;shiso
vietnamese-balm,Vietnamese balm (kinh giới),Elsholtzia ciliata,Lamiaceae,plant,kinh giới
english-lavender,English lavender,Lavandula angustifolia,Lamiaceae,plant,lavender
spanish-lavender,Spanish lavender,Lavandula stoechas,Lamiaceae,plant,
lavandin,lavandin,Lavandula × intermedia,Lamiaceae,plant,
ethiopian-potato,Ethiopian potato (oromo dinich),Plectranthus edulis,Lamiaceae,plant,oromo dinich
livingstone-potato,Livingstone potato,Plectranthus esculentus,Lamiaceae,plant,
forskohlii,forskohlii (pickled root),Coleus barbatus,Lamiaceae,plant,pickled root
chinese-potato,Chinese potato (Hausa potato),Coleus rotundifolius,Lamiaceae,plant,Hausa potato
cuban-oregano,Cuban oregano (Indian borage),Coleus amboinicus,Lamiaceae,plant,Indian borage;orégano orejón;oreganón;orégano de hoja gruesa;orégano brujo;orégano francés;orégano cubano;orégano grueso;orégano de la costa
lemon-basil,lemon basil,Ocimum × africanum,Lamiaceae,plant,
camphor-basil,camphor basil,Ocimum kilimandscharicum,Lamiaceae,plant,
hoary-basil,hoary basil,Ocimum americanum,Lamiaceae,plant,
african-basil,African basil (clove basil),Ocimum gratissimum,Lamiaceae,plant,clove basil
holy-basil,holy basil (tulsi),Ocimum tenuiflorum,Lamiaceae,plant,tulsi;albahaca sagrada;albahaca santa;albahaca india
sweet-basil,sweet basil,Ocimum basilicum,Lamiaceae,plant,basil;thai basil;pesto;albahaca;albaca;salsa pesto
black-sesame,black sesame (Africa),Hyptis spicigera,Lamiaceae,plant,
chan,chan (seed),Hyptis suaveolens,Lamiaceae,plant,
rosemary,rosemary,Salvia rosmarinus,Lamiaceae,plant,rosemary;romero
white-sage,white sage (seed),Salvia apiana,Lamiaceae,plant,
chia,chia,Salvia hispanica,Lamiaceae,plant,chía
spanish-sage,Spanish sage,Salvia lavandulifolia,Lamiaceae,plant,
danshen,danshen,Salvia miltiorrhiza,Lamiaceae,plant,
greek-sage,Greek sage,Salvia fruticosa,Lamiaceae,plant,
sage,sage,Salvia officinalis,Lamiaceae,plant,sage;salvia
clary-sage,clary sage,Salvia sclarea,Lamiaceae,plant,
golden-chia,golden chia,Salvia columbariae,Lamiaceae,plant,
pineapple-sage,pineapple sage,Salvia elegans,Lamiaceae,plant,
lemon-balm,lemon balm,Melissa officinalis,Lamiaceae,plant,toronjil;melisa;toronjil de limón;cidronela
northern-bugleweed,northern bugleweed (tubers),Lycopus uniflorus,Lamiaceae,plant,
ground-ivy,ground ivy,Glechoma hederacea,Lamiaceae,plant,
mexican-giant-hyssop,Mexican giant hyssop,Agastache mexicana,Lamiaceae,plant,
korean-mint,Korean mint (bangah),Agastache rugosa,Lamiaceae,plant,bangah
anise-hyssop,anise hyssop,Agastache foeniculum,Lamiaceae,plant,
tukhm-e-balanga,tukhm-e-balanga,Lallemantia royleana,Lamiaceae,plant,
dragons-head,dragon's head (balangu),Lallemantia iberica,Lamiaceae,plant,balangu
hyssop,hyssop,Hyssopus officinalis,Lamiaceae,plant,hisopo
moldavian-dragonhead,Moldavian dragonhead,Dracocephalum moldavica,Lamiaceae,plant,
catnip,catnip,Nepeta cataria,Lamiaceae,plant,
self-heal,self-heal,Prunella vulgaris,Lamiaceae,plant,
conehead-thyme,conehead thyme,Thymbra capitata,Lamiaceae,plant,
zaatar-farsi,za'atar farsi,Thymbra spicata,Lamiaceae,plant,
shirazi-thyme,Shirazi thyme,Zataria multiflora,Lamiaceae,plant,
dittany-of-crete,dittany of Crete,Origanum dictamnus,Lamiaceae,plant,
marjoram,marjoram,Origanum majorana,Lamiaceae,plant,marjoram;mejorana;mayorana
oregano,oregano,Origanum vulgare,Lamiaceae,plant,oregano;orégano
syrian-oregano,Syrian oregano (za'atar),Origanum syriacum,Lamiaceae,plant,za'atar
turkish-oregano,Turkish oregano,Origanum onites,Lamiaceae,plant,
lemon-thyme,lemon thyme,Thymus citriodorus,Lamiaceae,plant,
spanish-thyme,Spanish thyme,Thymus zygis,Lamiaceae,plant,
mastic-thyme,mastic thyme,Thymus mastichina,Lamiaceae,plant,
thyme,thyme,Thymus vulgaris,Lamiaceae,plant,thyme;tomillo
wild-thyme,wild thyme,Thymus serpyllum,Lamiaceae,plant,
broad-leaved-thyme,broad-leaved thyme,Thymus pulegioides,Lamiaceae,plant,
summer-savory,summer savory,Satureja hortensis,Lamiaceae,plant,ajedrea
winter-savory,winter savory,Satureja montana,Lamiaceae,plant,ajedrea de monte
pink-savory,pink savory,Satureja thymbra,Lamiaceae,plant,
hierbabuena,hierbabuena (mojito mint),Mentha × villosa,Lamiaceae,plant,mojito mint;hierbabuena cubana;menta de mojito;hierbabuena de mojito
peppermint,peppermint,Mentha × piperita,Lamiaceae,plant,peppermint;menta piperita
river-mint,river mint,Mentha australis,Lamiaceae,plant,
spearmint,spearmint,Mentha spicata,Lamiaceae,plant,mint;yerbabuena;menta;hierba buena;yerba buena
apple-mint,apple mint,Mentha suaveolens,Lamiaceae,plant,
japanese-mint,Japanese mint (hakka),Mentha canadensis,Lamiaceae,plant,hakka
horse-mint,horse mint,Mentha longifolia,Lamiaceae,plant,
corsican-mint,Corsican mint,Mentha requienii,Lamiaceae,plant,
pennyroyal,pennyroyal,Mentha pulegium,Lamiaceae,plant,
corn-mint,corn mint,Mentha arvensis,Lamiaceae,plant,
water-mint,water mint,Mentha aquatica,Lamiaceae,plant,
ziziphora,ziziphora,Ziziphora tenuior,Lamiaceae,plant,
kakuti,kakuti,Ziziphora clinopodioides,Lamiaceae,plant,
peperina,peperina,Minthostachys verticillata,Lamiaceae,plant,peperina;piperina
muna,muña,Minthostachys mollis,Lamiaceae,plant,muña;poleo andino
virginia-mountain-mint,Virginia mountain mint,Pycnanthemum virginianum,Lamiaceae,plant,
bee-balm,bee balm,Monarda didyma,Lamiaceae,plant,
spotted-bee-balm,spotted bee balm,Monarda punctata,Lamiaceae,plant,
lemon-bee-balm,lemon bee balm,Monarda citriodora,Lamiaceae,plant,
mexican-oregano-2,Mexican oregano (Lamiaceae),Poliomintha longiflora,Lamiaceae,plant,Lamiaceae
wild-bergamot,wild bergamot,Monarda fistulosa,Lamiaceae,plant,
american-pennyroyal,American pennyroyal,Hedeoma pulegioides,Lamiaceae,plant,
coyote-mint,coyote mint,Monardella odoratissima,Lamiaceae,plant,
wild-basil,wild basil,Clinopodium vulgare,Lamiaceae,plant,
lesser-calamint,lesser calamint,Clinopodium nepeta,Lamiaceae,plant,
ciricote,ciricote,Cordia dodecandra,Boraginaceae,plant,
anacahuita,anacahuita,Cordia boissieri,Boraginaceae,plant,
indian-cherry,Indian cherry (lasoda),Cordia dichotoma,Boraginaceae,plant,lasoda
assyrian-plum,Assyrian plum (lasura),Cordia myxa,Boraginaceae,plant,lasura
grey-leaved-saucerberry,grey-leaved saucerberry,Cordia sinensis,Boraginaceae,plant,
sand-food,sand food,Pholisma sonorae,Lennoaceae,plant,
roble,roble (fruit),Ehretia tinifolia,Boraginaceae,plant,
anaqua,anaqua,Ehretia anacua,Boraginaceae,plant,
koda,koda (fruit),Ehretia acuminata,Boraginaceae,plant,
fukien-tea,Fukien tea,Ehretia microphylla,Boraginaceae,plant,
yerba-santa,yerba santa,Eriodictyon californicum,Namaceae,plant,
virginia-waterleaf,Virginia waterleaf,Hydrophyllum virginianum,Hydrophyllaceae,plant,
lungwort,lungwort,Pulmonaria officinalis,Boraginaceae,plant,
comfrey,comfrey (historical),Symphytum officinale,Boraginaceae,plant,
borage,borage,Borago officinalis,Boraginaceae,plant,borraja
italian-bugloss,Italian bugloss (flowers),Anchusa azurea,Boraginaceae,plant,
common-bugloss,common bugloss,Anchusa officinalis,Boraginaceae,plant,
patersons-curse,Paterson's curse (seed oil),Echium plantagineum,Boraginaceae,plant,
oysterleaf,oysterleaf,Mertensia maritima,Boraginaceae,plant,
du-zhong,du zhong (tea),Eucommia ulmoides,Eucommiaceae,plant,
maltese-fungus,Maltese fungus,Cynomorium coccineum,Cynomoriaceae,plant,
jostaberry,jostaberry,Ribes × nidigrolaria,Grossulariaceae,plant,
golden-currant,golden currant,Ribes aureum,Grossulariaceae,plant,
gooseberry,gooseberry,Ribes uva-crispa,Grossulariaceae,plant,grosella espinosa;uva espina;uva crespa;grosella verde
blackcurrant,blackcurrant,Ribes nigrum,Grossulariaceae,plant,grosella negra;grosellas negras;casis;cassis;zarzaparrilla negra
redcurrant,redcurrant,Ribes rubrum,Grossulariaceae,plant,grosella
american-gooseberry,American gooseberry,Ribes hirtellum,Grossulariaceae,plant,
coastal-black-gooseberry,coastal black gooseberry,Ribes divaricatum,Grossulariaceae,plant,
golden-saxifrage,golden saxifrage,Chrysosplenium alternifolium,Saxifragaceae,plant,
navelwort,navelwort,Umbilicus rupestris,Crassulaceae,plant,
orpine,orpine (leaves),Hylotelephium telephium,Crassulaceae,plant,
roseroot,roseroot,Rhodiola rosea,Crassulaceae,plant,
amur-grape,Amur grape,Vitis amurensis,Vitaceae,plant,
crimson-glory-vine,crimson glory vine (yamabudo),Vitis coignetiae,Vitaceae,plant,yamabudo
riverbank-grape,riverbank grape,Vitis riparia,Vitaceae,plant,
fox-grape,fox grape (Concord),Vitis labrusca,Vitaceae,plant,Concord;uva concord;uva americana;uva chinche;uva isabella
summer-grape,summer grape,Vitis aestivalis,Vitaceae,plant,
muscadine,muscadine,Vitis rotundifolia,Vitaceae,plant,
grape,grape,Vitis vinifera,Vitaceae,plant,grape;wine;raisin;raisins;grapes;wine vinegar;balsamic;uva;vino;pasas;pasa;pisco;mosto;espumante;champán;champaña;cava;brandy;coñac;jerez;oporto;vermut;grapa;grappa;singani;arrope;hoja de parra;hojas de parra;sultana
veldt-grape,veldt grape (stems),Cissus quadrangularis,Vitaceae,plant,
rose-geranium,rose geranium,Pelargonium graveolens,Geraniaceae,plant,
evening-primrose,evening primrose,Oenothera biennis,Onagraceae,plant,
fireweed,fireweed,Chamerion angustifolium,Onagraceae,plant,
hardy-fuchsia,hardy fuchsia (berries),Fuchsia magellanica,Onagraceae,plant,
water-primrose,water primrose (rau dua),Ludwigia adscendens,Onagraceae,plant,rau dua
pomegranate,pomegranate,Punica granatum,Lythraceae,plant,pomegranate;granada;granadina
mangrove-apple,mangrove apple,Sonneratia caseolaris,Lythraceae,plant,
ling-nut,ling nut,Trapa bicornis,Lythraceae,plant,
water-caltrop,water caltrop,Trapa natans,Lythraceae,plant,castaña de agua europea;abrojo de agua;tríbulo acuático;nuez de agua
muntries,muntries,Kunzea pomifera,Myrtaceae,plant,
tasmanian-blue-gum,Tasmanian blue gum (oil),Eucalyptus globulus,Myrtaceae,plant,
cider-gum,cider gum (sap),Eucalyptus gunnii,Myrtaceae,plant,
indonesian-bay,Indonesian bay (daun salam),Syzygium polyanthum,Myrtaceae,plant,daun salam
aniseed-myrtle,aniseed myrtle,Syzygium anisatum,Myrtaceae,plant,
lady-apple,lady apple,Syzygium suborbiculare,Myrtaceae,plant,
rose-apple,rose apple,Syzygium jambos,Myrtaceae,plant,pomarrosa común;pomarrosa blanca;poma rosa;pomarosa;manzana rosa;yambo
jamun,jamun,Syzygium cumini,Myrtaceae,plant,jambolán;aceituna negra dulce;ciruela de java;jambul;jamún
malay-apple,Malay apple,Syzygium malaccense,Myrtaceae,plant,pomarrosa malaya;manzana de agua;manzana malaya;pomarrosa;marañón japonés;cajuil japonés
clove,clove,Syzygium aromaticum,Myrtaceae,plant,clove;cloves;clavo
wax-apple,wax apple,Syzygium samarangense,Myrtaceae,plant,
water-apple,water apple,Syzygium aqueum,Myrtaceae,plant,
magenta-lilly-pilly,magenta lilly pilly,Syzygium paniculatum,Myrtaceae,plant,
brush-cherry,brush cherry,Syzygium australe,Myrtaceae,plant,
riberry,riberry,Syzygium luehmannii,Myrtaceae,plant,
lemon-myrtle,lemon myrtle,Backhousia citriodora,Myrtaceae,plant,
cinnamon-myrtle,cinnamon myrtle,Backhousia myrtifolia,Myrtaceae,plant,
myrtle,myrtle (berries),Myrtus communis,Myrtaceae,plant,
strawberry-guava,strawberry guava,Psidium cattleyanum,Myrtaceae,plant,guayaba fresa;arazá rojo;arazá amarillo;guayaba cattley
brazilian-guava,Brazilian guava,Psidium guineense,Myrtaceae,plant,guayaba agria;guayaba ácida;guayaba brasileña;arazá guineense;guayabita sabanera;guayaba de sabana
guava,guava,Psidium guajava,Myrtaceae,plant,guava;guayaba;guayabo;guayabate;pasta de guayaba
costa-rican-guava,Costa Rican guava,Psidium friedrichsthalianum,Myrtaceae,plant,
feijoa,feijoa,Acca sellowiana,Myrtaceae,plant,feijoa;guayabo del país;guayaba del país;guayaba chilena
gabiroba,gabiroba,Campomanesia adamantium,Myrtaceae,plant,
palillo-fruit,palillo fruit (Campomanesia),Campomanesia lineatifolia,Myrtaceae,plant,
guabiroba,guabiroba,Campomanesia xanthocarpa,Myrtaceae,plant,
luma,luma,Amomyrtus luma,Myrtaceae,plant,
allspice,allspice,Pimenta dioica,Myrtaceae,plant,allspice;pimienta gorda;pimienta de jamaica;pimienta dulce;malagueta dulce;guayabita;pimienta de tabasco;pimienta inglesa
west-indian-bay,West Indian bay,Pimenta racemosa,Myrtaceae,plant,
murta,murta (Chilean guava),Ugni molinae,Myrtaceae,plant,Chilean guava;murta;murtilla
pitomba,pitomba (Eugenia),Eugenia luschnathiana,Myrtaceae,plant,
cereja-do-rio-grande,cereja-do-rio-grande,Eugenia involucrata,Myrtaceae,plant,
uvaia,uvaia,Eugenia pyriformis,Myrtaceae,plant,
surinam-cherry,Surinam cherry (pitanga),Eugenia uniflora,Myrtaceae,plant,pitanga;ñangapirí;cereza de cayena;cereza de surinam
grumichama,grumichama,Eugenia brasiliensis,Myrtaceae,plant,
beach-cherry,beach cherry,Eugenia reinwardtiana,Myrtaceae,plant,
araca-boi,araçá-boi,Eugenia stipitata,Myrtaceae,plant,
arrayan,arrayán (Chilean myrtle),Luma apiculata,Myrtaceae,plant,Chilean myrtle;arrayán;palo colorado;temu
cambuca,cambucá,Plinia edulis,Myrtaceae,plant,
jabuticaba,jabuticaba,Plinia cauliflora,Myrtaceae,plant,jabuticaba;jaboticaba;guapurú;guaperu;yvapurú;ivapurú
cabeludinha,cabeludinha,Myrciaria glazioviana,Myrtaceae,plant,
rumberry,rumberry,Myrciaria floribunda,Myrtaceae,plant,
camu-camu,camu camu,Myrciaria dubia,Myrtaceae,plant,
rose-myrtle,rose myrtle,Rhodomyrtus tomentosa,Myrtaceae,plant,
coronillo,coronillo,Bellucia pentamera,Melastomataceae,plant,
malabar-melastome,Malabar melastome (fruit),Melastoma malabathricum,Melastomataceae,plant,
kinkeliba,kinkeliba,Combretum micranthum,Combretaceae,plant,
kakadu-plum,Kakadu plum,Terminalia ferdinandiana,Combretaceae,plant,
sea-almond,sea almond,Terminalia catappa,Combretaceae,plant,almendro de playa;almendra de playa;almendrón;almendra tropical;almendro tropical;almendra de la india
okari-nut,okari nut,Terminalia kaernbachii,Combretaceae,plant,
bibhitaki,bibhitaki,Terminalia bellirica,Combretaceae,plant,
haritaki,haritaki,Terminalia chebula,Combretaceae,plant,
albizia-tea,albizia tea (Mauritius),Aphloia theiformis,Aphloiaceae,plant,
indian-prickly-ash,Indian prickly ash (teppal),Zanthoxylum rhetsa,Rutaceae,plant,teppal
toothache-tree,toothache tree,Zanthoxylum americanum,Rutaceae,plant,
andaliman,andaliman,Zanthoxylum acanthopodium,Rutaceae,plant,
timur,timur (Nepal pepper),Zanthoxylum armatum,Rutaceae,plant,Nepal pepper
sansho,sansho,Zanthoxylum piperitum,Rutaceae,plant,
chinese-prickly-ash,Chinese prickly ash,Zanthoxylum simulans,Rutaceae,plant,
sichuan-pepper,Sichuan pepper,Zanthoxylum bungeanum,Rutaceae,plant,
green-sichuan-pepper,green Sichuan pepper,Zanthoxylum schinifolium,Rutaceae,plant,
orange-climber,orange climber,Toddalia asiatica,Rutaceae,plant,
white-sapote,white sapote,Casimiroa edulis,Rutaceae,plant,zapote blanco;zapotes blancos;matasano;cochitzapotl;zapote dormilón;zapote de castilla
evodia,evodia (wu zhu yu),Tetradium ruticarpum,Rutaceae,plant,wu zhu yu
buchu,buchu,Agathosma betulina,Rutaceae,plant,
fringed-rue,fringed rue,Ruta chalepensis,Rutaceae,plant,
rue,rue,Ruta graveolens,Rutaceae,plant,
limeberry,limeberry,Triphasia trifolia,Rutaceae,plant,
wood-apple,wood apple,Limonia acidissima,Rutaceae,plant,
grapefruit,grapefruit,Citrus paradisi,Rutaceae,plant,grapefruit;pomelo;toronja;pamplemusa
sweet-orange,sweet orange,Citrus sinensis,Rutaceae,plant,orange;oranges;orange juice;naranja;china;naranjada
kumquat,kumquat,Citrus japonica,Rutaceae,plant,kumquat;quinoto;naranjita china;naranja enana;kinoto;naranjita
bitter-orange,bitter orange,Citrus aurantium,Rutaceae,plant,naranja agria;naranja amarga;naranja cajera;naranja de sevilla;naranja sevillana;naranja bigarade;azahar
sweet-lime,sweet lime,Citrus limetta,Rutaceae,plant,
trifoliate-orange,trifoliate orange,Citrus trifoliata,Rutaceae,plant,
citron,citron,Citrus medica,Rutaceae,plant,cidra;cidro;citrón;cedro;cidra en almíbar;etrog
makrut-lime,makrut lime,Citrus hystrix,Rutaceae,plant,lima kaffir;lima makrut;combava;limón kaffir;lima de kaffir
key-lime,key lime,Citrus aurantiifolia,Rutaceae,plant,lime;key lime;makrut;lima;limón sutil;limón criollo;limón peruano;limón mexicano;limón ceutí;limón de pica;limón chico;limón verde;limón pequeño;limón agrio;limón colima;limón key;limoncito;limón de cocina
persian-lime,Persian lime,Citrus latifolia,Rutaceae,plant,limón tahití;limón persa;lima persa;lima tahití;limón sin semilla;limón grande;lima de persia
bergamot,bergamot,Citrus bergamia,Rutaceae,plant,bergamota;té earl grey
lemon,lemon,Citrus limon,Rutaceae,plant,lemon;lemons;limón;limonada
iyokan,iyokan,Citrus iyo,Rutaceae,plant,
kabosu,kabosu,Citrus sphaerocarpa,Rutaceae,plant,
hassaku,hassaku,Citrus hassaku,Rutaceae,plant,
natsumikan,natsumikan,Citrus natsudaidai,Rutaceae,plant,
pomelo,pomelo,Citrus maxima,Rutaceae,plant,pomelo chino;pampelmusa;pomelo gigante;pummelo;toronja china;cimboa;zamboa;pomelo asiático
clementine,clementine,Citrus clementina,Rutaceae,plant,clementina;clementino
mandarin,mandarin,Citrus reticulata,Rutaceae,plant,mandarin;clementine;tangerine;satsuma;mandarina;tangerina;mandarino
shikuwasa,shikuwasa,Citrus depressa,Rutaceae,plant,
satsuma,satsuma,Citrus unshiu,Rutaceae,plant,satsuma;mandarina satsuma;mikan
yuzu,yuzu,Citrus junos,Rutaceae,plant,yuzu;limón yuzu
sudachi,sudachi,Citrus sudachi,Rutaceae,plant,
desert-lime,desert lime,Citrus glauca,Rutaceae,plant,
round-lime,round lime,Citrus australis,Rutaceae,plant,
finger-lime,finger lime,Citrus australasica,Rutaceae,plant,
bael,bael,Aegle marmelos,Rutaceae,plant,
wampee,wampee,Clausena lansium,Rutaceae,plant,
orangeberry,orangeberry,Glycosmis pentaphylla,Rutaceae,plant,
curry-leaf,curry leaf,Murraya koenigii,Rutaceae,plant,
chinese-toon,Chinese toon (xiangchun),Toona sinensis,Meliaceae,plant,xiangchun
santol,santol,Sandoricum koetjape,Meliaceae,plant,
langsat,langsat (duku),Lansium domesticum,Meliaceae,plant,duku
neem,neem (flowers),Azadirachta indica,Meliaceae,plant,
bitterwood,bitterwood,Quassia amara,Simaroubaceae,plant,
kubili-nut,kubili nut,Cubilia cubili,Sapindaceae,plant,
guarana,guaraná,Paullinia cupana,Sapindaceae,plant,guaraná
kusum,kusum,Schleichera oleosa,Sapindaceae,plant,
hairy-alectryon,hairy alectryon,Alectryon tomentosus,Sapindaceae,plant,
mamoncillo,mamoncillo (quenepa),Melicoccus bijugatus,Sapindaceae,plant,quenepa;mamoncillo;mamón
pitomba-2,pitomba,Talisia esculenta,Sapindaceae,plant,
korlan,korlan,Nephelium hypoleucum,Sapindaceae,plant,
pulasan,pulasan,Nephelium ramboutan-ake,Sapindaceae,plant,
rambutan,rambutan,Nephelium lappaceum,Sapindaceae,plant,
matoa,matoa (taun),Pometia pinnata,Sapindaceae,plant,taun
lychee,lychee,Litchi chinensis,Sapindaceae,plant,lychee
ackee,ackee,Blighia sapida,Sapindaceae,plant,
luna-nut,luna nut,Lepisanthes fruticosa,Sapindaceae,plant,
longan,longan,Dimocarpus longan,Sapindaceae,plant,
california-buckeye,California buckeye (processed),Aesculus californica,Sapindaceae,plant,
japanese-horse-chestnut,Japanese horse chestnut (tochi),Aesculus turbinata,Sapindaceae,plant,tochi
black-maple,black maple,Acer nigrum,Sapindaceae,plant,
sugar-maple,sugar maple,Acer saccharum,Sapindaceae,plant,maple;maple syrup
japanese-maple,Japanese maple (momiji tempura),Acer palmatum,Sapindaceae,plant,momiji tempura
red-maple,red maple (sap),Acer rubrum,Sapindaceae,plant,
silver-maple,silver maple (sap),Acer saccharinum,Sapindaceae,plant,
almecega,almécega (fruit),Protium heptaphyllum,Burseraceae,plant,
african-elemi,African elemi,Canarium schweinfurthii,Burseraceae,plant,
chinese-olive,Chinese olive,Canarium album,Burseraceae,plant,
pili-nut,pili nut,Canarium ovatum,Burseraceae,plant,
galip-nut,galip nut,Canarium indicum,Burseraceae,plant,
dabai,dabai,Canarium odontophyllum,Burseraceae,plant,
atom,atom (fruit),Dacryodes macrophylla,Burseraceae,plant,
safou,safou (African pear),Dacryodes edulis,Burseraceae,plant,African pear
jocote,jocote,Spondias purpurea,Anacardiaceae,plant,jocote;ciruela de huesito;ciruela huesito;ciruela roja tropical;ciruela mexicana
umbu,umbu,Spondias tuberosa,Anacardiaceae,plant,
yellow-mombin,yellow mombin (hog plum),Spondias mombin,Anacardiaceae,plant,hog plum;jobo;hobo;ciruela amarilla;jobito;ubos
ambarella,ambarella,Spondias dulcis,Anacardiaceae,plant,ciruela dulce;juplón;yuplón;ciruela de cristal;jobo de la india;mango de la india
wild-mango,wild mango (amra),Spondias pinnata,Anacardiaceae,plant,amra
dao,dao,Dracontomelon dao,Anacardiaceae,plant,
sau,sau,Dracontomelon duperreanum,Anacardiaceae,plant,
chironji,chironji,Buchanania lanzan,Anacardiaceae,plant,
wild-plum,wild plum (Cape),Harpephyllum caffrum,Anacardiaceae,plant,
african-grape,African grape,Lannea microcarpa,Anacardiaceae,plant,
marula,marula,Sclerocarya birrea,Anacardiaceae,plant,
chupandilla,chupandilla,Cyrtocarpa procera,Anacardiaceae,plant,
lapsi,lapsi (Nepali hog plum),Choerospondias axillaris,Anacardiaceae,plant,Nepali hog plum
burdekin-plum,Burdekin plum,Pleiogynium timoriense,Anacardiaceae,plant,
mastic,mastic,Pistacia lentiscus,Anacardiaceae,plant,
chinese-pistache,Chinese pistache (leaves),Pistacia chinensis,Anacardiaceae,plant,
pistachio,pistachio,Pistacia vera,Anacardiaceae,plant,pistachio;pistachios;pistacho;pistache;alfóncigo
terebinth,terebinth (menengiç),Pistacia terebinthus,Anacardiaceae,plant,menengiç
smooth-sumac,smooth sumac,Rhus glabra,Anacardiaceae,plant,
staghorn-sumac,staghorn sumac,Rhus typhina,Anacardiaceae,plant,
sumac,sumac,Rhus coriaria,Anacardiaceae,plant,sumac;za'atar
peruvian-pepper,Peruvian pepper (pink peppercorn),Schinus molle,Anacardiaceae,plant,pink peppercorn
brazilian-pepper,Brazilian pepper,Schinus terebinthifolia,Anacardiaceae,plant,
cuachalalate,cuachalalate,Amphipterygium adstringens,Anacardiaceae,plant,
binjai,binjai,Mangifera caesia,Anacardiaceae,plant,
bambangan,bambangan,Mangifera pajang,Anacardiaceae,plant,
mango,mango,Mangifera indica,Anacardiaceae,plant,mango;mango con chile
horse-mango,horse mango (bachang),Mangifera foetida,Anacardiaceae,plant,bachang
kuwini,kuwini,Mangifera odorata,Anacardiaceae,plant,
gandaria,gandaria,Bouea macrophylla,Anacardiaceae,plant,
cashew,cashew,Anacardium occidentale,Anacardiaceae,plant,cashew;cashews;marañón;merey;cajú;anacardo;castaña de cajú;nuez de la india;nueces de la india;cajuil
siberian-nitraria,Siberian nitraria,Nitraria sibirica,Nitrariaceae,plant,
illipe,illipe (tengkawang),Shorea stenoptera,Dipterocarpaceae,plant,tengkawang
sal,sal (seed butter),Shorea robusta,Dipterocarpaceae,plant,
dhupa,dhupa (seed fat),Vateria indica,Dipterocarpaceae,plant,
pink-rockrose,pink rockrose (tea),Cistus creticus,Cistaceae,plant,
saya,saya (Sonoran root),Amoreuxia palmatifida,Bixaceae,plant,
annatto,annatto,Bixa orellana,Bixaceae,plant,achiote;annato;annatto;onoto;bija;bijol;urucú;color;pasta de achiote;recado rojo
lai,lai,Durio kutejensis,Malvaceae,plant,
red-fleshed-durian,red-fleshed durian,Durio graveolens,Malvaceae,plant,
durian-marangang,durian marangang,Durio dulcis,Malvaceae,plant,
kerantungan,kerantungan,Durio oxleyanus,Malvaceae,plant,
durian,durian,Durio zibethinus,Malvaceae,plant,durian
south-american-sapote,South American sapote (chupa-chupa),Quararibea cordata,Malvaceae,plant,chupa-chupa
alache,alache,Anoda cristata,Malvaceae,plant,alache;quelite alache;amapolita;malva de campo
purple-poppy-mallow,purple poppy mallow (root),Callirhoe involucrata,Malvaceae,plant,
marshmallow,marshmallow,Althaea officinalis,Malvaceae,plant,
hollyhock,hollyhock,Alcea rosea,Malvaceae,plant,
cheeseweed,cheeseweed,Malva parviflora,Malvaceae,plant,
chinese-mallow,Chinese mallow,Malva verticillata,Malvaceae,plant,
dwarf-mallow,dwarf mallow,Malva neglecta,Malvaceae,plant,
common-mallow,common mallow,Malva sylvestris,Malvaceae,plant,malva;té de malva
portia-tree,portia tree (leaves),Thespesia populnea,Malvaceae,plant,
african-chewing-gum,African chewing gum (snot apple),Thespesia garckeana,Malvaceae,plant,snot apple
pima-cotton,Pima cotton (seed oil),Gossypium barbadense,Malvaceae,plant,
upland-cotton,upland cotton (seed oil),Gossypium hirsutum,Malvaceae,plant,
west-african-okra,West African okra,Abelmoschus caillei,Malvaceae,plant,
okra,okra,Abelmoschus esculentus,Malvaceae,plant,okra;quimbombó;quingombó;gombo;molondrón;ñajú;chimbombó;bamia;bhindi;calalú;dedos de dama;lady finger;quiabo;angú
ambrette,ambrette,Abelmoschus moschatus,Malvaceae,plant,
aibika,aibika,Abelmoschus manihot,Malvaceae,plant,
turks-cap,"Turk's cap (flowers, tea)",Malvaviscus arboreus,Malvaceae,plant,
sea-hibiscus,sea hibiscus (leaves),Hibiscus tiliaceus,Malvaceae,plant,
chinese-hibiscus,Chinese hibiscus (flowers),Hibiscus rosa-sinensis,Malvaceae,plant,
rose-of-sharon,rose of Sharon (flowers),Hibiscus syriacus,Malvaceae,plant,
kenaf,kenaf (leaves),Hibiscus cannabinus,Malvaceae,plant,
roselle,roselle,Hibiscus sabdariffa,Malvaceae,plant,roselle;hibiscus;jamaica;rosella;té de jamaica;hibisco;saril
false-roselle,false roselle,Hibiscus acetosella,Malvaceae,plant,
grandidiers-baobab,Grandidier's baobab,Adansonia grandidieri,Malvaceae,plant,
baobab,baobab,Adansonia digitata,Malvaceae,plant,
boab,boab,Adansonia gregorii,Malvaceae,plant,
red-silk-cotton,red silk-cotton (semal flowers),Bombax ceiba,Malvaceae,plant,semal flowers
shaving-brush-tree,shaving brush tree (flowers),Pseudobombax ellipticum,Malvaceae,plant,
malabar-chestnut,Malabar chestnut,Pachira aquatica,Malvaceae,plant,
saba-nut,saba nut,Pachira glabra,Malvaceae,plant,
american-basswood,American basswood,Tilia americana,Malvaceae,plant,
large-leaved-lime,large-leaved lime,Tilia platyphyllos,Malvaceae,plant,
small-leaved-lime,small-leaved lime (linden),Tilia cordata,Malvaceae,plant,linden;tilo;té de tilo;tila
karaya-gum,karaya gum,Sterculia urens,Malvaceae,plant,
java-olive,Java olive (seeds),Sterculia foetida,Malvaceae,plant,
malva-nut,malva nut (pang da hai),Scaphium affine,Malvaceae,plant,pang da hai
kurrajong,kurrajong (seeds),Brachychiton populneus,Malvaceae,plant,
monkey-kola,monkey kola,Cola lepidota,Malvaceae,plant,
kola-nut,kola nut,Cola nitida,Malvaceae,plant,nuez de cola;nueces de cola;cola;kola;nuez de kola;nueces de kola
abata-kola,abata kola,Cola acuminata,Malvaceae,plant,
chinese-parasol-tree,Chinese parasol tree (seeds),Firmiana simplex,Malvaceae,plant,
white-crossberry,white crossberry,Grewia tenax,Malvaceae,plant,
phalsa,phalsa,Grewia asiatica,Malvaceae,plant,
donkey-berry,donkey berry,Grewia flavescens,Malvaceae,plant,
jute-mallow,jute mallow (molokhia),Corchorus olitorius,Malvaceae,plant,molokhia
white-jute,white jute (leaves),Corchorus capsularis,Malvaceae,plant,
guacima,guácima,Guazuma ulmifolia,Malvaceae,plant,
monkey-cacao,monkey cacao,Herrania purpurea,Malvaceae,plant,
cupuacu,cupuaçu,Theobroma grandiflorum,Malvaceae,plant,
mocambo,mocambo (pataxte),Theobroma bicolor,Malvaceae,plant,pataxte
cupui,cupuí,Theobroma subincanum,Malvaceae,plant,
cacao,cacao,Theobroma cacao,Malvaceae,plant,cacao;chocolate;cocoa;manteca de cacao;chocolate con leche;pasta de cacao;bombón;trufa de chocolate;trufas de chocolate;ganache;chocolatina
guest-tree,guest tree (leaves),Kleinhovia hospita,Malvaceae,plant,
jamaican-cherry,Jamaican cherry (aratiles),Muntingia calabura,Muntingiaceae,plant,aratiles
mashua,mashua,Tropaeolum tuberosum,Tropaeolaceae,plant,mashua;mashwa;isaño;añu;cubio;majua
dwarf-nasturtium,dwarf nasturtium,Tropaeolum minus,Tropaeolaceae,plant,
garden-nasturtium,garden nasturtium,Tropaeolum majus,Tropaeolaceae,plant,capuchina;taco de reina;mastuerzo de indias;espuela de galán
african-moringa,African moringa,Moringa stenopetala,Moringaceae,plant,
moringa,moringa (drumstick),Moringa oleifera,Moringaceae,plant,drumstick
papaya,papaya,Carica papaya,Caricaceae,plant,papaya;lechosa;fruta bomba;papayón
bonete,bonete,Jacaratia mexicana,Caricaceae,plant,
jaracatia,jaracatiá,Jacaratia spinosa,Caricaceae,plant,
mountain-papaya,mountain papaya,Vasconcellea pubescens,Caricaceae,plant,papayuela;papaya de monte;chamburo;papaya andina;papaya de altura;chilacuán
babaco,babaco,Vasconcellea × heilbornii,Caricaceae,plant,babaco
col-de-montana,col de montaña,Vasconcellea monoica,Caricaceae,plant,
meadowfoam,meadowfoam (oil),Limnanthes alba,Limnanthaceae,plant,
dobera,dobera (fruit),Dobera glabra,Salvadoraceae,plant,
toothbrush-tree,toothbrush tree (miswak fruit),Salvadora persica,Salvadoraceae,plant,miswak fruit
brazzein-berry,brazzein berry,Pentadiplandra brazzeana,Pentadiplandraceae,plant,
sacred-garlic-pear,sacred garlic pear,Crateva religiosa,Capparaceae,plant,
shepherds-tree,shepherd's tree,Boscia albitrunca,Capparaceae,plant,
hanza,hanza (dilo),Boscia senegalensis,Capparaceae,plant,dilo
maerua,maerua (leaves),Maerua crassifolia,Capparaceae,plant,
bush-orange,bush orange,Capparis mitchellii,Capparaceae,plant,
ker,ker (kair),Capparis decidua,Capparaceae,plant,kair
caper,caper,Capparis spinosa,Capparaceae,plant,caper;capers;alcaparra;alcaparrón;tápara
asian-spiderflower,Asian spiderflower (seed),Cleome viscosa,Cleomaceae,plant,
spider-plant,spider plant (African cabbage),Cleome gynandra,Cleomaceae,plant,African cabbage
sweet-alyssum,sweet alyssum (flowers),Lobularia maritima,Brassicaceae,plant,
flixweed,flixweed (seed),Descurainia sophia,Brassicaceae,plant,
tansy-mustard,tansy mustard (seed),Descurainia pinnata,Brassicaceae,plant,
dittander,dittander,Lepidium latifolium,Brassicaceae,plant,
hoary-cress,hoary cress (buds),Lepidium draba,Brassicaceae,plant,
garden-cress,garden cress,Lepidium sativum,Brassicaceae,plant,mastuerzo;berro de jardín;berro de tierra;lepidio
virginia-pepperweed,Virginia pepperweed,Lepidium virginicum,Brassicaceae,plant,
maca,maca,Lepidium meyenii,Brassicaceae,plant,maca;harina de maca
horseradish,horseradish,Armoracia rusticana,Brassicaceae,plant,horseradish;rábano picante;rábano rusticano;raifort
winter-cress,winter cress,Barbarea vulgaris,Brassicaceae,plant,
upland-cress,upland cress,Barbarea verna,Brassicaceae,plant,
marsh-yellowcress,marsh yellowcress,Rorippa palustris,Brassicaceae,plant,
narrow-fruited-watercress,narrow-fruited watercress,Nasturtium microphyllum,Brassicaceae,plant,
watercress,watercress,Nasturtium officinale,Brassicaceae,plant,watercress;berro;mastuerzo de agua
crinkleroot,crinkleroot,Cardamine diphylla,Brassicaceae,plant,
cutleaf-toothwort,cutleaf toothwort,Cardamine concatenata,Brassicaceae,plant,
hairy-bittercress,hairy bittercress,Cardamine hirsuta,Brassicaceae,plant,
cuckooflower,cuckooflower,Cardamine pratensis,Brassicaceae,plant,
tower-mustard,tower mustard,Turritis glabra,Brassicaceae,plant,
camelina,camelina (gold-of-pleasure),Camelina sativa,Brassicaceae,plant,gold-of-pleasure
shepherds-purse,shepherd's purse,Capsella bursa-pastoris,Brassicaceae,plant,
blue-mustard,blue mustard,Chorispora tenella,Brassicaceae,plant,
crested-warty-cabbage,crested warty cabbage,Bunias erucago,Brassicaceae,plant,
turkish-rocket,Turkish rocket,Bunias orientalis,Brassicaceae,plant,
sand-cabbage,sand cabbage (shacong),Pugionium cornutum,Brassicaceae,plant,shacong
scurvy-grass,scurvy grass,Cochlearia officinalis,Brassicaceae,plant,
garlic-mustard,garlic mustard,Alliaria petiolata,Brassicaceae,plant,
field-pennycress,field pennycress (seed),Thlaspi arvense,Brassicaceae,plant,
wasabi,wasabi,Eutrema japonicum,Brassicaceae,plant,wasabi
chinese-violet-cress,Chinese violet cress,Orychophragmus violaceus,Brassicaceae,plant,
tuareg-cabbage,Tuareg cabbage (alwat),Schouwia purpurea,Brassicaceae,plant,alwat
sea-rocket,sea rocket,Cakile maritima,Brassicaceae,plant,
american-sea-rocket,American sea rocket,Cakile edentula,Brassicaceae,plant,
sea-kale,sea kale,Crambe maritima,Brassicaceae,plant,
shortpod-mustard,shortpod mustard,Hirschfeldia incana,Brassicaceae,plant,
white-mustard,white mustard,Sinapis alba,Brassicaceae,plant,white mustard;yellow mustard;mustard;mustard seed;mostaza;mostaza de dijon;mostaza dijon;salsa de mostaza
charlock,charlock,Sinapis arvensis,Brassicaceae,plant,
arugula,arugula (rocket),Eruca vesicaria,Brassicaceae,plant,rocket;arugula;rúcula;arúgula;roqueta;oruga;ruca
violet-cabbage,violet cabbage,Moricandia arvensis,Brassicaceae,plant,
annual-wall-rocket,annual wall-rocket,Diplotaxis muralis,Brassicaceae,plant,
white-wall-rocket,white wall-rocket,Diplotaxis erucoides,Brassicaceae,plant,
wild-rocket,wild rocket,Diplotaxis tenuifolia,Brassicaceae,plant,
bastard-cabbage,bastard cabbage,Rapistrum rugosum,Brassicaceae,plant,
wild-radish,wild radish,Raphanus raphanistrum,Brassicaceae,plant,
radish,radish / daikon,Raphanus sativus,Brassicaceae,plant,daikon;radish;rábano;rabanito
black-mustard,black mustard,Brassica nigra,Brassicaceae,plant,mostaza negra
ethiopian-mustard,Ethiopian mustard,Brassica carinata,Brassicaceae,plant,
sahara-mustard,Sahara mustard (seed),Brassica tournefortii,Brassicaceae,plant,
cabbage,cabbage / kale / broccoli / cauliflower,Brassica oleracea,Brassicaceae,plant,kale;broccoli;cauliflower;cabbage;brussels sprouts;collard;kohlrabi;sauerkraut;kimchi;coleslaw;repollo;col;lombarda;berza;repollito de bruselas;repollitos de bruselas;coliflor;brócoli;brécol;colinabo;colirrábano;col rábano;romanesco;chucrut;curtido;couve;cavolo nero;repollitos;colecita
rapeseed,rapeseed / rutabaga,Brassica napus,Brassicaceae,plant,rutabaga;canola;rapeseed;canola oil;swede;colza;nabo sueco;nabicol
brown-mustard,brown mustard / mustard greens,Brassica juncea,Brassicaceae,plant,mustard greens;brown mustard;dijon;gai choy;mostaza parda;mostaza china;hojas de mostaza;mostaza de hoja;mostaza india;mostaza morena;mostaza verde
turnip,turnip / bok choy / napa,Brassica rapa,Brassicaceae,plant,bok choy;napa;turnip;napa cabbage;pak choi;turnip greens;mizuna;rapini;nabo;nabiza;grelos;grelo;col china;col de napa;hakusai
london-rocket,London rocket,Sisymbrium irio,Brassicaceae,plant,
hedge-mustard,hedge mustard,Sisymbrium officinale,Brassicaceae,plant,
princes-plume,prince's plume (greens),Stanleya pinnata,Brassicaceae,plant,
desert-date,desert date,Balanites aegyptiaca,Zygophyllaceae,plant,
soapbark,soapbark (foaming agent),Quillaja saponaria,Quillajaceae,plant,
weeping-boer-bean,weeping boer-bean (seeds),Schotia brachypetala,Fabaceae,plant,
jatoba,jatobá,Hymenaea courbaril,Fabaceae,plant,
jatoba-do-cerrado,jatobá-do-cerrado,Hymenaea stigonocarpa,Fabaceae,plant,
sweet-detar,sweet detar,Detarium microcarpum,Fabaceae,plant,
ditax,ditax,Detarium senegalense,Fabaceae,plant,
nam-nam,nam-nam,Cynometra cauliflora,Fabaceae,plant,
african-mahogany,African mahogany (seeds),Afzelia africana,Fabaceae,plant,
tamarind,tamarind,Tamarindus indica,Fabaceae,plant,tamarind;tamarindo;tamarindo en pasta;pasta de tamarindo;tamarindo con chile;tamarindo con sal;tamarindo en almíbar;helado de tamarindo;salsa de tamarindo;salsa agridulce de tamarindo;salsa de tamarindo con chile;salsa de tamarindo para pollo;salsa de tamarindo para carne;salsa de tamarindo para camarones
eastern-redbud,eastern redbud (flowers),Cercis canadensis,Fabaceae,plant,
judas-tree,Judas tree (flowers),Cercis siliquastrum,Fabaceae,plant,
kachnar,kachnar,Bauhinia variegata,Fabaceae,plant,
marama-bean,marama bean,Tylosema esculentum,Fabaceae,plant,frijol marama;marama;gemsbok bean
orchid-tree,orchid tree (buds),Bauhinia purpurea,Fabaceae,plant,
tamarind-plum,tamarind plum (keranji),Dialium indum,Fabaceae,plant,keranji
velvet-tamarind,velvet tamarind,Dialium guineense,Fabaceae,plant,
velvet-tamarind-2,velvet tamarind (Indochina),Dialium cochinchinense,Fabaceae,plant,
kentucky-coffeetree,Kentucky coffeetree (roasted),Gymnocladus dioicus,Fabaceae,plant,roasted
carob,carob,Ceratonia siliqua,Fabaceae,plant,carob;algarroba europea;garrofa;harina de garrofa;garrofín;algarrobo europeo;algarroba española;algarrobo mediterráneo;algarroba mediterránea
honey-locust,honey locust (pod pulp),Gleditsia triacanthos,Fabaceae,plant,
cassod-tree,cassod tree (khi-lek),Senna siamea,Fabaceae,plant,khi-lek
mogdad-coffee,mogdad coffee,Senna occidentalis,Fabaceae,plant,
sicklepod,sicklepod (kawal),Senna obtusifolia,Fabaceae,plant,kawal
yeheb-nut,yeheb nut,Cordeauxia edulis,Fabaceae,plant,
blue-palo-verde,blue palo verde (seeds),Parkinsonia florida,Fabaceae,plant,
jerusalem-thorn,Jerusalem thorn (seeds),Parkinsonia aculeata,Fabaceae,plant,
african-oil-bean,African oil bean,Pentaclethra macrophylla,Fabaceae,plant,
guaje,guaje,Leucaena esculenta,Fabaceae,plant,guaje;huaje;salsa de guaje;guaxmole;huaxmole;guaje poblano
water-mimosa,water mimosa,Neptunia oleracea,Fabaceae,plant,
leucaena,leucaena (pods),Leucaena leucocephala,Fabaceae,plant,guaje blanco;leucaena;ipil ipil;tantán;guaje de vaina;huaxin;guaje ganadero;guaje forrajero;guaje de castilla;guaje manso;guaje de la india;guaje filipino;guaje hawaiano;guaje australiano;guaje africano;guaje asiático;guaje americano;guaje centroamericano;guaje sudamericano;guaje caribeño;guaje tropical;guaje subtropical;guaje de zona cálida;guaje de zona templada;guaje de zona fría;guaje de altura;guaje de valle;guaje de montaña;guaje de costa;guaje de sierra;guaje de selva;guaje de bosque;guaje de sabana;guaje de pradera;guaje de desierto;guaje de matorral;guaje de chaparral;guaje de manglar;guaje de humedal;guaje de ribera;guaje de río;guaje de lago;guaje de laguna;guaje de estero;guaje de pantano;guaje de ciénaga;guaje de marisma;guaje de playa;guaje de duna;guaje de acantilado;guaje de isla;guaje de península;guaje de continente
khejri,khejri (sangri),Prosopis cineraria,Fabaceae,plant,sangri
algarrobo-blanco,algarrobo blanco,Prosopis alba,Fabaceae,plant,algarrobo;algarroba;harina de algarroba;patay;aloja;añapa;algarrobo del chaco;algarroba del chaco;algarrobo de chile;algarroba de chile
honey-mesquite,honey mesquite,Prosopis glandulosa,Fabaceae,plant,mezquite;harina de mezquite;péchita;mezquite de miel
huarango,huarango,Prosopis pallida,Fabaceae,plant,algarrobo peruano;algarroba peruana;algarrobina;huarango;algarrobo de perú;algarroba de perú;harina de algarroba peruana;algarrobo costeño;algarroba costeña;algarrobo de la costa;algarroba de la costa;algarrobo de piura;algarroba de piura;algarrobo de lambayeque;algarroba de lambayeque;algarrobo de ica;algarroba de ica;algarrobo de tumbes;algarroba de tumbes;algarrobo de la libertad;algarroba de la libertad;algarrobo de ancash;algarroba de ancash;algarrobo de lima;algarroba de lima;algarrobo del norte;algarroba del norte;algarrobo norteño;algarroba norteña;algarrobo desértico;algarroba desértica;algarrobo del desierto;algarroba del desierto;algarrobo peruano de lima;algarroba peruana de lima
mesquite,mesquite (juliflora),Prosopis juliflora,Fabaceae,plant,
african-locust-bean,African locust bean (dawadawa),Parkia biglobosa,Fabaceae,plant,dawadawa;néré;frijol de langosta africano;algarrobo africano;iru;soumbala
tree-bean,tree bean (yongchak),Parkia timoriana,Fabaceae,plant,yongchak
petai,petai (stink bean),Parkia speciosa,Fabaceae,plant,stink bean;petai;frijol apestoso;sator
guamuchil,guamúchil (Manila tamarind),Pithecellobium dulce,Fabaceae,plant,Manila tamarind;guamúchil;huamúchil;pinzán;chiminango;tamarindo de manila;payandé;madras thorn;tamarindo chino guamúchil;guamúchil tropical
kerdas,kerdas,Archidendron bubalinum,Fabaceae,plant,
jengkol,jengkol,Archidendron jiringa,Fabaceae,plant,
pacay,pacay,Inga feuilleei,Fabaceae,plant,pacay peruano;pacae peruano;pacay del perú;pacae del perú;pacay de lima;pacae de lima;pacay costeño;pacae costeño;pacay serrano;pacae serrano;pacay de la costa;pacae de la costa;pacay de la sierra;pacae de la sierra;pacay de ica;pacae de ica;pacay de arequipa;pacae de arequipa;pacay de trujillo;pacae de trujillo;pacay de piura;pacae de piura;pacay de chiclayo;pacae de chiclayo;pacay de huánuco;pacae de huánuco;pacay de cusco;pacae de cusco;pacay de ayacucho;pacae de ayacucho;pacay de huancayo;pacae de huancayo;pacay de tarma;pacae de tarma;pacay de chanchamayo;pacae de chanchamayo;pacay de la selva;pacae de la selva;pacay selvático;pacae selvático
guaba-machete,guaba machete,Inga spectabilis,Fabaceae,plant,
ice-cream-bean,ice-cream bean,Inga edulis,Fabaceae,plant,guama;guaba;pacae;cuaniquil;cuajinicuil;cuijinicuil;jinicuil;paterna;guamo;inga;guaba tropical;guaba de café;guaba de cacao;guaba de plátano;guaba de banano;guaba de yuca;guaba de maíz;guaba de frijol;guaba de arroz;guaba de caña;guaba de coco;guaba de mango;guaba de papaya;guaba de piña;guaba de guayaba;guaba de naranja;guaba de limón;guaba de mandarina;guaba de toronja;guaba de lima;guaba de aguacate;guaba de mamey;guaba de níspero;guaba de chirimoya;guaba de guanábana;guaba de anón;guaba de anona;guaba de curuba;guaba de tomate de árbol;guaba de naranjilla;guaba de lulo;guaba de uchuva;guaba de mora;guaba de fresa;guaba de frambuesa;guaba de arándano;guaba de uva;guaba de manzana;guaba de pera;guaba de durazno;guaba de ciruela;guaba de cereza;guaba de higo;guaba de dátil;guaba de granada;guaba de membrillo;guaba de tamarindo
gum-arabic,gum arabic,Senegalia senegal,Fabaceae,plant,
red-acacia,red acacia (gum talha),Vachellia seyal,Fabaceae,plant,gum talha
wattleseed,wattleseed (gundabluey),Acacia victoriae,Fabaceae,plant,gundabluey
mulga,mulga (seed),Acacia aneura,Fabaceae,plant,
coles-wattle,Cole's wattle (seed),Acacia colei,Fabaceae,plant,
tonka-bean,tonka bean,Dipteryx odorata,Fabaceae,plant,
baru-nut,baru nut,Dipteryx alata,Fabaceae,plant,
pagoda-tree,"pagoda tree (buds, huai hua)",Styphnolobium japonicum,Fabaceae,plant,huai hua
moreton-bay-chestnut,Moreton Bay chestnut (processed),Castanospermum australe,Fabaceae,plant,
peanut,peanut,Arachis hypogaea,Fabaceae,plant,peanut;peanuts;peanut butter;groundnut;maní;cacahuate;cacahuete;mantequilla de maní;manteca de maní;crema de cacahuate;mantequilla de cacahuate;salsa de maní;garapiñados;garrapiñada;turrón de maní;pasta de maní;pasta de cacahuate;turrón de cacahuate;palanqueta;garapiña;garrapiña;chancaca de maní
white-lupin,white lupin,Lupinus albus,Fabaceae,plant,altramuz;altramuces;lupín;chochos españoles;lupino blanco;tremoço;lupino europeo;lupino mediterráneo
narrow-leafed-lupin,narrow-leafed lupin,Lupinus angustifolius,Fabaceae,plant,
yellow-lupin,yellow lupin,Lupinus luteus,Fabaceae,plant,
tarwi,tarwi,Lupinus mutabilis,Fabaceae,plant,chocho;tarwi;lupino andino;tauri;tarhui;lupino peruano;lupino ecuatoriano;lupino boliviano;lupino
chipilin,chipilín,Crotalaria longirostrata,Fabaceae,plant,chipilín;chepil
guar,guar,Cyamopsis tetragonoloba,Fabaceae,plant,guar;frijol guar;judía guar;poroto guar
butterfly-pea,butterfly pea (flower),Clitoria ternatea,Fabaceae,plant,
sword-bean,sword bean,Canavalia gladiata,Fabaceae,plant,frijol sable;frijol espada rojo;canavalia roja;haba de sable
jack-bean,jack bean,Canavalia ensiformis,Fabaceae,plant,frijol espada;haba de burro;frijol canavalia;canavalia;haba de caballo;frijol de caballo;frijol machete;haba de jamaica;haba de las indias;frijol de puerco;frijol de sable
hodoimo,hodoimo,Apios fortunei,Fabaceae,plant,
groundnut,groundnut (hopniss),Apios americana,Fabaceae,plant,hopniss;apios;papa de la india
velvet-bean,velvet bean (processed),Mucuna pruriens,Fabaceae,plant,
sohphlang,sohphlang,Flemingia vestita,Fabaceae,plant,
pigeon-pea,pigeon pea,Cajanus cajan,Fabaceae,plant,gandul;guandú;guandul;frijol de palo;chícharo de árbol;quinchoncho;gandúes;frijol gandul;frijol quinchoncho;frijol de árbol;frijol guandú;frijol chícharo;chícharo de palo;chicharo gandul;toor dal;arhar;cumandá;kumanda
winged-bean,winged bean,Psophocarpus tetragonolobus,Fabaceae,plant,frijol alado;judía alada;poroto alado;frijol de cuatro ángulos
chachafruto,chachafruto (basul),Erythrina edulis,Fabaceae,plant,basul;chachafruto;balú;pajuro;sachaporoto;poroto sachaporoto;frijol de árbol andino;porotón;frisol de monte;poroto de árbol;frijol chachafruto;frijol balú;frijol pajuro;frijol sachaporoto;frijol basul;frijol porotón
african-yam-bean,African yam bean,Sphenostylis stenocarpa,Fabaceae,plant,frijol ñame africano;yam bean africano
kerstings-groundnut,Kersting's groundnut,Macrotyloma geocarpum,Fabaceae,plant,
horse-gram,horse gram,Macrotyloma uniflorum,Fabaceae,plant,kulthi;gramo de caballo;horse gram
hyacinth-bean,hyacinth bean,Lablab purpureus,Fabaceae,plant,frijol jacinto;dólico;frijol caballo;chícharo de vaca lablab;frijol lablab;zarandaja;frijol chino lablab;poroto de egipto;frijol de egipto;judía de egipto;frijol egipcio;haba de egipto;frijol de la india lablab;judía india lablab
bush-potato-2,bush potato (maloga bean),Vigna lanceolata,Fabaceae,plant,maloga bean
rice-bean,rice bean,Vigna umbellata,Fabaceae,plant,
bambara-groundnut,Bambara groundnut,Vigna subterranea,Fabaceae,plant,maní bambara;frijol bambara;voandzú
cowpea-bean,cowpea / yardlong bean,Vigna unguiculata,Fabaceae,plant,yardlong bean;cowpea;black-eyed pea;black-eyed peas;caupí;frijol caupí;frijol de carita;frijol carita;frijoles de carita;frijol chino;frijol cabecita negra;poroto tape;frijol castilla;frijol de castilla;chícharo de vaca;frijol ojo negro;frijol ojito;frijol vaquita;frijol de vara;judía espárrago;frijol metro;bora;frijol de costa;frijol bayo de carita
zombi-pea,zombi pea (tuber),Vigna vexillata,Fabaceae,plant,
adzuki-bean,adzuki bean,Vigna angularis,Fabaceae,plant,frijol adzuki;poroto adzuki;judía azuki;azuki;adzuki
moth-bean,moth bean,Vigna aconitifolia,Fabaceae,plant,
mung-bean,mung bean,Vigna radiata,Fabaceae,plant,mung bean;bean sprouts;frijol mungo;frijol chino verde;poroto mung;judía mungo;mungo;dientes de dragón;germinado de soya;germinados de soya;brotes de soya;raíces chinas;frijol nacido;frijolito chino;soja germinada;soya germinada
urad,urad (black gram),Vigna mungo,Fabaceae,plant,black gram;frijol urad;urad;judía negra india;frijol mungo negro
tepary-bean,tepary bean,Phaseolus acutifolius,Fabaceae,plant,tépari;frijol tépari;escomite;yorimuni
common-bean,common bean,Phaseolus vulgaris,Fabaceae,plant,common bean;black beans;kidney beans;pinto;green beans;navy beans;cannellini;frijol;fréjol;poroto;habichuela;caraota;alubia;judía;chaucha;ejote;vainita;judión;cargamanto;calamaco;carioca
runner-bean,runner bean,Phaseolus coccineus,Fabaceae,plant,ayocote;frijol escarlata;judía pinta escarlata;piloy;frijol gordo
year-bean,year bean,Phaseolus dumosus,Fabaceae,plant,frijol botil;botil;frijol de año;acalete
lima-bean,lima bean,Phaseolus lunatus,Fabaceae,plant,pallar;frijol de lima;frijol lima;haba de lima;garrofón;frijol pallar
ahipa,ahipa,Pachyrhizus ahipa,Fabaceae,plant,ahipa;ajipa;jícama andina;jícama boliviana
amazonian-yam-bean,Amazonian yam bean,Pachyrhizus tuberosus,Fabaceae,plant,jíquima;chuin;jícama amazónica;ashipa;yam bean amazónico
jicama,jicama,Pachyrhizus erosus,Fabaceae,plant,jícama;nabo mexicano;jícama con chile;jícama con limón;jícama con chile y limón;jícama de leche;jícama china
kudzu,kudzu (starch),Pueraria montana,Fabaceae,plant,kudzu;kuzu
hog-peanut,hog peanut,Amphicarpaea bracteata,Fabaceae,plant,
soybean,soybean,Glycine max,Fabaceae,plant,soybean;soy;tofu;soy sauce;miso;edamame;tempeh;soy milk;natto;tamari;soja;soya;frijol de soya;poroto de soja;porotos de soja;salsa de soja;salsa de soya;queso de soya;leche de soja;leche de soya;carne de soya;harina de soja;shoyu;proteína texturizada;yuba
prairie-turnip,prairie turnip,Pediomelum esculentum,Fabaceae,plant,
black-locust,black locust (flowers),Robinia pseudoacacia,Fabaceae,plant,
desert-ironwood,desert ironwood (seeds),Olneya tesota,Fabaceae,plant,
agati,agati (vegetable hummingbird),Sesbania grandiflora,Fabaceae,plant,vegetable hummingbird
egyptian-riverhemp,Egyptian riverhemp (leaves),Sesbania sesban,Fabaceae,plant,
chinese-liquorice,Chinese liquorice,Glycyrrhiza uralensis,Fabaceae,plant,
liquorice,liquorice,Glycyrrhiza glabra,Fabaceae,plant,licorice;regaliz;orozuz;palo dulce;paloduz
japanese-wisteria,Japanese wisteria (flowers),Wisteria floribunda,Fabaceae,plant,
siberian-pea-shrub,Siberian pea shrub,Caragana arborescens,Fabaceae,plant,
tragacanth,tragacanth,Astragalus gummifer,Fabaceae,plant,
huang-qi,huang qi (astragalus),Astragalus membranaceus,Fabaceae,plant,astragalus
chickpea,chickpea,Cicer arietinum,Fabaceae,plant,chickpea;garbanzo;hummus;chana;harina de garbanzo
lentil,lentil,Lens culinaris,Fabaceae,plant,lentil;lentils;dal;lenteja;lentejón
pea,pea,Pisum sativum,Fabaceae,plant,pea;peas;split peas;snap peas;arveja;alverja;guisante;chícharo;petit pois;arvejita;arvejón;alverjita;petipuás;pitipuá;tirabeque;arveja china;holantao;hollantao;ervilla;ervilha
grass-pea,grass pea,Lathyrus sativus,Fabaceae,plant,almorta;tito;guija;chícharo de almorta;muela;alverjón
tuberous-pea,tuberous pea,Lathyrus tuberosus,Fabaceae,plant,
bitter-vetch,bitter vetch,Vicia ervilia,Fabaceae,plant,
fava-bean,fava bean,Vicia faba,Fabaceae,plant,fava bean;broad bean;haba;fava
blue-fenugreek,blue fenugreek,Trigonella caerulea,Fabaceae,plant,
fenugreek,fenugreek,Trigonella foenum-graecum,Fabaceae,plant,fenugreek;methi;fenogreco;alholva;fenugreco
sweet-clover,sweet clover (flavouring),Melilotus officinalis,Fabaceae,plant,
alfalfa,alfalfa (sprouts),Medicago sativa,Fabaceae,plant,sprouts;alfalfa
red-clover,red clover (flowers),Trifolium pratense,Fabaceae,plant,
bastard-oleaster,bastard oleaster,Elaeagnus latifolia,Elaeagnaceae,plant,
goumi,goumi,Elaeagnus multiflora,Elaeagnaceae,plant,
autumn-olive,autumn olive,Elaeagnus umbellata,Elaeagnaceae,plant,
russian-olive,Russian olive,Elaeagnus angustifolia,Elaeagnaceae,plant,
silver-buffaloberry,silver buffaloberry,Shepherdia argentea,Elaeagnaceae,plant,
soapberry,soapberry (Indian ice cream),Shepherdia canadensis,Elaeagnaceae,plant,Indian ice cream
sea-buckthorn,sea buckthorn,Hippophae rhamnoides,Elaeagnaceae,plant,
chinese-sweet-plum,Chinese sweet plum,Sageretia thea,Rhamnaceae,plant,
bird-plum,bird plum,Berchemia discolor,Rhamnaceae,plant,
new-jersey-tea,New Jersey tea,Ceanothus americanus,Rhamnaceae,plant,
japanese-raisin-tree,Japanese raisin tree,Hovenia dulcis,Rhamnaceae,plant,
juazeiro,juazeiro,Ziziphus joazeiro,Rhamnaceae,plant,
lotus-jujube,lotus jujube,Ziziphus lotus,Rhamnaceae,plant,
wild-jujube,wild jujube (jhar ber),Ziziphus nummularia,Rhamnaceae,plant,jhar ber
jujube,jujube,Ziziphus jujuba,Rhamnaceae,plant,
christs-thorn-jujube,Christ's thorn jujube,Ziziphus spina-christi,Rhamnaceae,plant,
ber,ber (Indian jujube),Ziziphus mauritiana,Rhamnaceae,plant,Indian jujube
buffalo-thorn,buffalo thorn,Ziziphus mucronata,Rhamnaceae,plant,
slippery-elm,slippery elm,Ulmus rubra,Ulmaceae,plant,
siberian-elm,Siberian elm (samaras),Ulmus pumila,Ulmaceae,plant,
african-hackberry,African hackberry (leaves),Celtis integrifolia,Cannabaceae,plant,
mediterranean-hackberry,Mediterranean hackberry,Celtis australis,Cannabaceae,plant,
common-hackberry,common hackberry,Celtis occidentalis,Cannabaceae,plant,
sugarberry,sugarberry,Celtis laevigata,Cannabaceae,plant,
hemp,hemp (seed),Cannabis sativa,Cannabaceae,plant,hemp seed;cáñamo;leche de cáñamo;harina de cáñamo
hops,hops,Humulus lupulus,Cannabaceae,plant,hops;beer;ipa;lúpulo
giant-yellow-mulberry,giant yellow mulberry,Myrianthus arboreus,Urticaceae,plant,
trumpet-tree,trumpet tree (fruit),Cecropia peltata,Urticaceae,plant,
amazon-tree-grape,Amazon tree grape (uvilla),Pourouma cecropiifolia,Urticaceae,plant,
mamaki,mamaki,Pipturus albidus,Urticaceae,plant,
orange-wild-rhea,orange wild rhea (fruit),Debregeasia longifolia,Urticaceae,plant,
west-indian-woodnettle,West Indian woodnettle,Laportea aestuans,Urticaceae,plant,
wood-nettle,wood nettle,Laportea canadensis,Urticaceae,plant,
himalayan-nettle,Himalayan nettle,Girardinia diversifolia,Urticaceae,plant,
small-nettle,small nettle,Urtica urens,Urticaceae,plant,
stinging-nettle,stinging nettle,Urtica dioica,Urticaceae,plant,ortiga
uwabami-so,uwabami-so,Elatostema involucratum,Urticaceae,plant,
leche-caspi,leche caspi,Pseudolmedia laevis,Moraceae,plant,
red-mulberry,red mulberry,Morus rubra,Moraceae,plant,
black-mulberry,black mulberry,Morus nigra,Moraceae,plant,mora negra;morera negra;mora de morera
white-mulberry,white mulberry,Morus alba,Moraceae,plant,morera;mora blanca;mora de árbol
long-mulberry,long mulberry,Morus macroura,Moraceae,plant,
monkey-jack,monkey jack,Artocarpus lacucha,Moraceae,plant,
jackfruit,jackfruit,Artocarpus heterophyllus,Moraceae,plant,jackfruit
cempedak,cempedak,Artocarpus integer,Moraceae,plant,
pedalai,pedalai,Artocarpus sericicarpus,Moraceae,plant,
marang,marang,Artocarpus odoratissimus,Moraceae,plant,
monkey-jackfruit,monkey jackfruit,Artocarpus rigidus,Moraceae,plant,
breadfruit,breadfruit,Artocarpus altilis,Moraceae,plant,breadfruit
breadnut,breadnut,Artocarpus camansi,Moraceae,plant,
che,che (cudrania),Maclura tricuspidata,Moraceae,plant,cudrania
paper-mulberry,paper mulberry (fruit),Broussonetia papyrifera,Moraceae,plant,
african-breadfruit,African breadfruit,Treculia africana,Moraceae,plant,
maya-nut,Maya nut (ramón),Brosimum alicastrum,Moraceae,plant,ramón;nuez maya;ojoche;ujuxte;capomo;nuez de ramón
mistletoe-fig,mistletoe fig (tea),Ficus deltoidea,Moraceae,plant,
sycamore-fig,sycamore fig,Ficus sycomorus,Moraceae,plant,
cluster-fig,cluster fig,Ficus racemosa,Moraceae,plant,
roxburgh-fig,Roxburgh fig,Ficus auriculata,Moraceae,plant,
fig,fig,Ficus carica,Moraceae,plant,fig;figs;higo;breva
punjab-fig,Punjab fig,Ficus palmata,Moraceae,plant,
aiyu,aiyu (jelly fig),Ficus pumila,Moraceae,plant,jelly fig
cerote,cerote,Hesperomeles obtusifolia,Rosaceae,plant,
himalayan-cherry-prinsepia,Himalayan cherry prinsepia (oil),Prinsepia utilis,Rosaceae,plant,
osoberry,osoberry,Oemleria cerasiformis,Rosaceae,plant,
hollyleaf-cherry,hollyleaf cherry (islay),Prunus ilicifolia,Rosaceae,plant,islay
sand-cherry,sand cherry,Prunus pumila,Rosaceae,plant,
apricot-plum,apricot plum,Prunus simonii,Rosaceae,plant,
bird-cherry,bird cherry,Prunus padus,Rosaceae,plant,
black-cherry,black cherry,Prunus serotina,Rosaceae,plant,capulí;cereza negra
chokecherry,chokecherry,Prunus virginiana,Rosaceae,plant,
cherry-laurel,cherry laurel (taflan),Prunus laurocerasus,Rosaceae,plant,taflan
mahleb,mahleb,Prunus mahaleb,Rosaceae,plant,
sour-cherry,sour cherry,Prunus cerasus,Rosaceae,plant,guinda;cereza ácida;cereza agria;marrasquino
sweet-cherry,sweet cherry,Prunus avium,Rosaceae,plant,cherry;cherries;cereza;picota
steppe-cherry,steppe cherry,Prunus fruticosa,Rosaceae,plant,
almond,almond,Prunus dulcis,Rosaceae,plant,almond;almonds;marzipan;almond milk;almendra;leche de almendras;harina de almendra;turrón
peach,peach / nectarine,Prunus persica,Rosaceae,plant,nectarine;peach;durazno;melocotón;nectarina;pelón
ume,ume,Prunus mume,Rosaceae,plant,
nanking-cherry,Nanking cherry,Prunus tomentosa,Rosaceae,plant,
apricot,apricot,Prunus armeniaca,Rosaceae,plant,apricot;damasco;albaricoque;chabacano
european-plum,European plum,Prunus domestica,Rosaceae,plant,plum;prune;prunes;umeboshi;ciruela;ciruela pasa;ciruelas pasas;claudia
japanese-plum,Japanese plum,Prunus salicina,Rosaceae,plant,ciruela japonesa;ciruela roja;ciruela santa rosa;ciruela criolla
sloe,sloe,Prunus spinosa,Rosaceae,plant,endrina;pacharán
briancon-apricot,Briançon apricot,Prunus brigantina,Rosaceae,plant,
cherry-plum,cherry plum,Prunus cerasifera,Rosaceae,plant,
klamath-plum,Klamath plum,Prunus subcordata,Rosaceae,plant,
american-plum,American plum,Prunus americana,Rosaceae,plant,
beach-plum,beach plum,Prunus maritima,Rosaceae,plant,
chickasaw-plum,Chickasaw plum,Prunus angustifolia,Rosaceae,plant,
ulei,ulei,Osteomeles anthyllidifolia,Rosaceae,plant,
saskatoon,saskatoon,Amelanchier alnifolia,Rosaceae,plant,
shadbush,shadbush,Amelanchier canadensis,Rosaceae,plant,
juneberry,juneberry,Amelanchier lamarckii,Rosaceae,plant,
toyon,toyon,Heteromeles arbutifolia,Rosaceae,plant,
loquat,loquat,Eriobotrya japonica,Rosaceae,plant,níspero;míspero
whitebeam,whitebeam,Sorbus aria,Rosaceae,plant,
wild-service-tree,wild service tree,Sorbus torminalis,Rosaceae,plant,
rowan,rowan,Sorbus aucuparia,Rosaceae,plant,
service-tree,service tree,Sorbus domestica,Rosaceae,plant,
ya-pear,Ya pear,Pyrus bretschneideri,Rosaceae,plant,
asian-pear,Asian pear (nashi),Pyrus pyrifolia,Rosaceae,plant,nashi
ussurian-pear,Ussurian pear,Pyrus ussuriensis,Rosaceae,plant,
european-pear,European pear,Pyrus communis,Rosaceae,plant,pear;pera;pera piña;pera al vino;peras al vino;pera en almíbar;peras en almíbar;tarta de pera;pastel de pera;pera de la sierra
medlar,medlar,Mespilus germanica,Rosaceae,plant,níspero europeo;níspero alemán
tejocote,tejocote,Crataegus mexicana,Rosaceae,plant,
mayhaw,mayhaw,Crataegus aestivalis,Rosaceae,plant,
hawthorn,hawthorn,Crataegus monogyna,Rosaceae,plant,
azarole,azarole,Crataegus azarolus,Rosaceae,plant,
chinese-hawthorn,Chinese hawthorn (shanzha),Crataegus pinnatifida,Rosaceae,plant,shanzha
quince,quince,Cydonia oblonga,Rosaceae,plant,quince;membrillo;carne de membrillo
chinese-quince,Chinese quince,Pseudocydonia sinensis,Rosaceae,plant,
japanese-quince,Japanese quince,Chaenomeles japonica,Rosaceae,plant,
flowering-quince,flowering quince,Chaenomeles speciosa,Rosaceae,plant,
black-chokeberry,black chokeberry,Aronia melanocarpa,Rosaceae,plant,
red-chokeberry,red chokeberry,Aronia arbutifolia,Rosaceae,plant,
assam-apple,assam apple,Docynia indica,Rosaceae,plant,
siberian-crab-apple,Siberian crab apple,Malus baccata,Rosaceae,plant,
wild-apple,wild apple (Tian Shan),Malus sieversii,Rosaceae,plant,Tian Shan
european-crab-apple,European crab apple,Malus sylvestris,Rosaceae,plant,
apple,apple,Malus domestica,Rosaceae,plant,apple;cider;apples;applesauce;manzana;puré de manzana;sidra;manzana reineta;tarta de manzana;pastel de manzana;manzana de la sierra
dropwort,dropwort (tubers),Filipendula vulgaris,Rosaceae,plant,
meadowsweet,meadowsweet,Filipendula ulmaria,Rosaceae,plant,
wood-avens,wood avens (root),Geum urbanum,Rosaceae,plant,
american-red-raspberry,American red raspberry,Rubus strigosus,Rosaceae,plant,
cutleaf-blackberry,cutleaf blackberry,Rubus laciniatus,Rosaceae,plant,
loganberry,loganberry,Rubus loganobaccus,Rosaceae,plant,
mora-andina,mora andina,Rubus glaucus,Rosaceae,plant,mora
thimbleberry,thimbleberry,Rubus parviflorus,Rosaceae,plant,
whitebark-raspberry,whitebark raspberry,Rubus leucodermis,Rosaceae,plant,
blackberry,blackberry,Rubus fruticosus,Rosaceae,plant,zarzamora;mora silvestre;mora europea
cloudberry,cloudberry,Rubus chamaemorus,Rosaceae,plant,mora de los pantanos;mora ártica
red-raspberry,red raspberry,Rubus idaeus,Rosaceae,plant,raspberry;raspberries;frambuesa
mysore-raspberry,Mysore raspberry,Rubus niveus,Rosaceae,plant,
wineberry,wineberry,Rubus phoenicolasius,Rosaceae,plant,
arctic-bramble,Arctic bramble,Rubus arcticus,Rosaceae,plant,
salmonberry,salmonberry,Rubus spectabilis,Rosaceae,plant,
yellow-himalayan-raspberry,yellow Himalayan raspberry,Rubus ellipticus,Rosaceae,plant,
mauritius-raspberry,Mauritius raspberry,Rubus rosifolius,Rosaceae,plant,
black-raspberry,black raspberry,Rubus occidentalis,Rosaceae,plant,
allegheny-blackberry,Allegheny blackberry,Rubus allegheniensis,Rosaceae,plant,
pacific-blackberry,Pacific blackberry,Rubus ursinus,Rosaceae,plant,
dewberry,dewberry,Rubus caesius,Rosaceae,plant,
sweet-briar,sweet briar (rosa mosqueta),Rosa rubiginosa,Rosaceae,plant,rosa mosqueta;mosqueta;té de rosa mosqueta
cabbage-rose,cabbage rose,Rosa centifolia,Rosaceae,plant,
damask-rose,damask rose (rosewater),Rosa damascena,Rosaceae,plant,rosewater;agua de rosas;rosa de damasco;pétalos de rosa
chestnut-rose,chestnut rose,Rosa roxburghii,Rosaceae,plant,
rugosa-rose,rugosa rose (hips),Rosa rugosa,Rosaceae,plant,
french-rose,French rose,Rosa gallica,Rosaceae,plant,
dog-rose,dog rose (hips),Rosa canina,Rosaceae,plant,
salad-burnet,salad burnet,Sanguisorba minor,Rosaceae,plant,
pearlberry,pearlberry,Margyricarpus pinnatus,Rosaceae,plant,
garden-strawberry,garden strawberry,Fragaria × ananassa,Rosaceae,plant,strawberry;strawberries;frutilla;fresa;fresón
musk-strawberry,musk strawberry,Fragaria moschata,Rosaceae,plant,
virginia-strawberry,Virginia strawberry,Fragaria virginiana,Rosaceae,plant,
beach-strawberry,beach strawberry,Fragaria chiloensis,Rosaceae,plant,frutilla chilena;frutilla blanca;frutilla de chile;fresa chilena
woodland-strawberry,woodland strawberry,Fragaria vesca,Rosaceae,plant,
silverweed,silverweed (roots),Potentilla anserina,Rosaceae,plant,
asian-hazel,Asian hazel,Corylus heterophylla,Betulaceae,plant,
turkish-hazel,Turkish hazel,Corylus colurna,Betulaceae,plant,
hazelnut,hazelnut,Corylus avellana,Betulaceae,plant,hazelnut;filbert;hazelnuts;avellana;crema de avellanas
beaked-hazelnut,beaked hazelnut,Corylus cornuta,Betulaceae,plant,
american-hazelnut,American hazelnut,Corylus americana,Betulaceae,plant,
chinese-hazel,Chinese hazel,Corylus chinensis,Betulaceae,plant,
filbert,filbert,Corylus maxima,Betulaceae,plant,
sweet-birch,sweet birch (birch beer),Betula lenta,Betulaceae,plant,birch beer
yellow-birch,yellow birch (sap),Betula alleghaniensis,Betulaceae,plant,
paper-birch,paper birch (sap),Betula papyrifera,Betulaceae,plant,
silver-birch,silver birch (sap),Betula pendula,Betulaceae,plant,
sweetfern,sweetfern (tea),Comptonia peregrina,Myricaceae,plant,
firetree,firetree (fruit),Morella faya,Myricaceae,plant,
yangmei,yangmei (Chinese bayberry),Myrica rubra,Myricaceae,plant,Chinese bayberry
box-myrtle,box myrtle (kaphal),Myrica esculenta,Myricaceae,plant,kaphal
bog-myrtle,bog myrtle (gruit),Myrica gale,Myricaceae,plant,gruit
sweet-tea-tree,sweet tea tree,Cyclocarya paliurus,Juglandaceae,plant,
japanese-walnut,Japanese walnut (heartnut),Juglans ailantifolia,Juglandaceae,plant,heartnut
butternut,butternut,Juglans cinerea,Juglandaceae,plant,
manchurian-walnut,Manchurian walnut,Juglans mandshurica,Juglandaceae,plant,
persian-walnut,Persian walnut,Juglans regia,Juglandaceae,plant,walnut;walnuts;nuez;nueces;nogal
black-walnut,black walnut,Juglans nigra,Juglandaceae,plant,
andean-walnut,Andean walnut,Juglans neotropica,Juglandaceae,plant,nuez andina;tocte;nogal andino;nogal peruano;nuez de tocte
mockernut-hickory,mockernut hickory,Carya tomentosa,Juglandaceae,plant,
shellbark-hickory,shellbark hickory,Carya laciniosa,Juglandaceae,plant,
shagbark-hickory,shagbark hickory,Carya ovata,Juglandaceae,plant,
pecan,pecan,Carya illinoinensis,Juglandaceae,plant,pecan;pecans;pecana;nuez pecán;nuez pacana;pacana
chinese-hickory,Chinese hickory,Carya cathayensis,Juglandaceae,plant,
tanoak,tanoak (acorn),Notholithocarpus densiflorus,Fagaceae,plant,
mongolian-oak,Mongolian oak (dotori),Quercus mongolica,Fagaceae,plant,dotori
english-oak,English oak (acorn),Quercus robur,Fagaceae,plant,
sessile-oak,sessile oak (acorn),Quercus petraea,Fagaceae,plant,
holm-oak,holm oak (acorn),Quercus ilex,Fagaceae,plant,
emory-oak,Emory oak (bellota),Quercus emoryi,Fagaceae,plant,bellota
holm-oak-2,holm oak (bellota),Quercus rotundifolia,Fagaceae,plant,bellota
white-oak,white oak (acorn),Quercus alba,Fagaceae,plant,
bur-oak,bur oak (acorn),Quercus macrocarpa,Fagaceae,plant,
valley-oak,valley oak (acorn),Quercus lobata,Fagaceae,plant,
coast-live-oak,coast live oak (acorn),Quercus agrifolia,Fagaceae,plant,
california-black-oak,California black oak (acorn),Quercus kelloggii,Fagaceae,plant,
daimyo-oak,daimyo oak (acorn),Quercus dentata,Fagaceae,plant,
sawtooth-oak,sawtooth oak (acorn),Quercus acutissima,Fagaceae,plant,
chinese-cork-oak,Chinese cork oak (acorn),Quercus variabilis,Fagaceae,plant,
brants-oak,Brant's oak (acorn bread),Quercus brantii,Fagaceae,plant,acorn bread
japanese-chinquapin,Japanese chinquapin (shii),Castanopsis cuspidata,Fagaceae,plant,shii
sudajii,sudajii,Castanopsis sieboldii,Fagaceae,plant,
indian-chestnut,Indian chestnut,Castanopsis indica,Fagaceae,plant,
chinquapin,chinquapin,Castanea pumila,Fagaceae,plant,
henrys-chestnut,Henry's chestnut,Castanea henryi,Fagaceae,plant,
sweet-chestnut,sweet chestnut,Castanea sativa,Fagaceae,plant,castaña;marrón glacé
american-chestnut,American chestnut,Castanea dentata,Fagaceae,plant,
chinese-chestnut,Chinese chestnut,Castanea mollissima,Fagaceae,plant,
japanese-chestnut,Japanese chestnut,Castanea crenata,Fagaceae,plant,
golden-chinquapin,golden chinquapin,Chrysolepis chrysophylla,Fagaceae,plant,
american-beech,American beech (beechnut),Fagus grandifolia,Fagaceae,plant,beechnut
european-beech,European beech (beechnut),Fagus sylvatica,Fagaceae,plant,beechnut
japanese-beech,Japanese beech (beechnut),Fagus crenata,Fagaceae,plant,beechnut
karaka,karaka (processed),Corynocarpus laevigatus,Corynocarpaceae,plant,
zi-bei-tian-kui,zi bei tian kui (tea),Begonia fimbristipula,Begoniaceae,plant,
tinda,tinda,Praecitrullus fistulosus,Cucurbitaceae,plant,
egusi,egusi (mannii),Cucumeropsis mannii,Cucurbitaceae,plant,
jiaogulan,jiaogulan,Gynostemma pentaphyllum,Cucurbitaceae,plant,
manchu-tubergourd,Manchu tubergourd,Thladiantha dubia,Cucurbitaceae,plant,
balsam-apple,balsam apple,Momordica balsamina,Cucurbitaceae,plant,
bitter-melon,bitter melon,Momordica charantia,Cucurbitaceae,plant,bitter melon;bitter gourd;melón amargo;cundeamor;cundiamor;balsamina;pepino amargo;calabaza amarga;goya;karela;sorosí;archucha;tomaco;melón de san cayetano;balsamino;ampalaya
spine-gourd,spine gourd (kakrol),Momordica dioica,Cucurbitaceae,plant,kakrol
gac,gac,Momordica cochinchinensis,Cucurbitaceae,plant,
monk-fruit,monk fruit (luo han guo),Siraitia grosvenorii,Cucurbitaceae,plant,luo han guo
fluted-pumpkin,fluted pumpkin (ugu),Telfairia occidentalis,Cucurbitaceae,plant,ugu
oyster-nut,oyster nut,Telfairia pedata,Cucurbitaceae,plant,
sponge-gourd,sponge gourd,Luffa aegyptiaca,Cucurbitaceae,plant,estropajo;calabaza esponja;lufa;luffa;sikwa;sicua
ridge-gourd,ridge gourd,Luffa acutangula,Cucurbitaceae,plant,estropajo angular;lufa angular;calabaza de aristas;lufa de aristas;pepino angular
lard-seed,lard seed,Hodgsonia macrocarpa,Cucurbitaceae,plant,
caigua,caigua (achocha),Cyclanthera pedata,Cucurbitaceae,plant,achocha;caigua;caihua;achojcha;achogcha;pepino de rellenar;korila;corila;cayua;caygua;cayhua;pepino hueco;jaiba vegetal;caigua rellena
chayote,chayote,Sechium edule,Cucurbitaceae,plant,chayote;chayota;guatila;papa de pobre;cidra papa;cidrayota;tayota;güisquil;huisquil;chayotera;chayotli;chuchu;xuxu;papa del aire;papa de aire;chinchayote;ichintal;cueza
snake-gourd,snake gourd,Trichosanthes cucumerina,Cucurbitaceae,plant,calabaza serpiente;calabaza culebra;pepino serpiente;chichinda
pointed-gourd,pointed gourd (parwal),Trichosanthes dioica,Cucurbitaceae,plant,parwal
fig-leaf-gourd,fig-leaf gourd (chilacayote),Cucurbita ficifolia,Cucurbitaceae,plant,chilacayote;cayote;lacayote;alcayota;cidra cayote;cabello de ángel;chiverre;zambo;sambo;calabaza confitera;gila;calabaza de siam;cabellos de ángel;calabaza de hoja de higuera
cushaw,cushaw,Cucurbita argyrosperma,Cucurbitaceae,plant,calabaza pipiana;calabaza pipián;pipiana;calabaza mixta;cushaw;calabaza cushaw;calabaza de tamal;ayote pipián;pepita de pipián;pepitas de pipián;calabaza de pepita;calabaza pepitera;calabaza de semilla;calabaza de plata;calabaza jonah;salsa de pipián
winter-squash,winter squash (maxima),Cucurbita maxima,Cucurbitaceae,plant,zapallo;zapallo camote;kabutiá;kabocha;calabaza gigante;buttercup;zapallo mantequilla;calabaza turbante;calabaza kabocha
zucchini,zucchini / pumpkin (pepo),Cucurbita pepo,Cucurbitaceae,plant,pumpkin;zucchini;summer squash;acorn squash;courgette;pepitas;calabacín;calabacita;zapallito;zuchini;zuquini;calabaza de verano;calabaza de bellota;calabaza bellota;calabaza acorn;calabaza espagueti;calabaza spaghetti;calabaza pattypan;calabaza patisson;calabaza pastel;calabaza de pastel;calabaza de halloween;calabaza delicata;güicoy;güicoyitos;ayote tierno;ayotes tiernos;pipián tierno;zapallo italiano;aceite de semilla de calabaza;aceite de pepita de calabaza;calabaza estiria;calabaza crookneck;calabaza amarilla;zoodles;fideos de zucchini;noodles de zucchini;tallarines de zucchini;calabaza cocozelle;calabaza costata romanesco;calabaza sweet dumpling;calabaza carnaval;calabaza de cuello torcido
butternut-squash,butternut squash,Cucurbita moschata,Cucurbitaceae,plant,calabaza;calabaza moscada;calabaza cacahuate;calabaza cacahuete;anco;zapallo anco;zapallo anquito;anquito;zapallo coreano;auyama;ayote;ahuyama;zapallo loche;loche;tamalayota;calabaza china;pepita;pipas de calabaza;zapallo de invierno;musquée de provence;calabaza cheese
cassabanana,cassabanana,Sicana odorifera,Cucurbitaceae,plant,cassabanana;casabanana;calabaza melón;melocotón de olor;melón de olor;curuba de olor;pepino melocotón;calabaza de olor;sicana
bottle-gourd,bottle gourd (calabash),Lagenaria siceraria,Cucurbitaceae,plant,calabash;bule;guaje tierno;calabaza bule;tecomate;jícaro tierno;calabaza vinatera;porongo;calabaza botella;calabaza de botella;calabaza cuello de cisne;lagenaria;calabaza de agua;calabaza cantimplora;calabaza de mate;opo;upo;calabaza opo;calabaza larga china;cucuzza;calabaza siciliana;bottle gourd;calabaza de peregrino;calabaza peregrina
watermelon,watermelon,Citrullus lanatus,Cucurbitaceae,plant,watermelon;sandía;patilla;melón de agua;melancia
egusi-melon,egusi melon,Citrullus mucosospermus,Cucurbitaceae,plant,
nara-melon,nara melon,Acanthosicyos horridus,Cucurbitaceae,plant,
winter-melon,winter melon (wax gourd),Benincasa hispida,Cucurbitaceae,plant,wax gourd;calabaza de cera;calabaza china de invierno;calabaza blanca china;melón de invierno;calabaza cenicienta;calabaza ceniza;winter melon;dong gua;tong kwa
anchote,anchote,Coccinia abyssinica,Cucurbitaceae,plant,
ivy-gourd,ivy gourd (tindora),Coccinia grandis,Cucurbitaceae,plant,tindora
cucamelon,cucamelon,Melothria scabra,Cucurbitaceae,plant,sandiíta;pepinito;pepinillo mexicano;cucamelón;sandía de ratón;sandía miniatura;pepino de ratón
kiwano,kiwano (horned melon),Cucumis metuliferus,Cucurbitaceae,plant,horned melon;kiwano;melón africano;pepino africano con cuernos;melón cornudo;pepino cornudo
west-indian-gherkin,West Indian gherkin,Cucumis anguria,Cucurbitaceae,plant,pepino cimarrón;maxixe;pepinillo de las antillas;pepino de las antillas;pepino africano;pepino erizado;pepino espinoso
melon,melon,Cucumis melo,Cucurbitaceae,plant,melon;cantaloupe;honeydew;melón;cantalupo;piel de sapo
cucumber,cucumber,Cucumis sativus,Cucurbitaceae,plant,cucumber;pickle;pickles;gherkin;pepino;pepinillo;cohombro
khat,khat,Catha edulis,Celastraceae,plant,khat;qat;cat;té árabe
davidsons-plum,Davidson's plum (NSW),Davidsonia jerseyana,Cunoniaceae,plant,
davidsons-plum-2,Davidson's plum,Davidsonia pruriens,Cunoniaceae,plant,
ceylon-olive,Ceylon olive,Elaeocarpus serratus,Elaeocarpaceae,plant,
kuranda-quandong,Kuranda quandong,Elaeocarpus bancroftii,Elaeocarpaceae,plant,
bermuda-buttercup,Bermuda buttercup (sour grass),Oxalis pes-caprae,Oxalidaceae,plant,sour grass
yellow-wood-sorrel,yellow wood sorrel,Oxalis stricta,Oxalidaceae,plant,
oca,oca,Oxalis tuberosa,Oxalidaceae,plant,oca;ibia;cuiba;apilla
wood-sorrel,wood sorrel,Oxalis acetosella,Oxalidaceae,plant,
bilimbi,bilimbi,Averrhoa bilimbi,Oxalidaceae,plant,
starfruit,starfruit,Averrhoa carambola,Oxalidaceae,plant,
snuff-box-tree,snuff-box tree (fruit),Oncoba spinosa,Salicaceae,plant,
lovi-lovi,lovi-lovi,Flacourtia inermis,Salicaceae,plant,
indian-plum,Indian plum (paniala),Flacourtia jangomas,Salicaceae,plant,paniala
governors-plum,governor's plum,Flacourtia indica,Salicaceae,plant,
ketembilla,ketembilla,Dovyalis hebecarpa,Salicaceae,plant,
kei-apple,kei apple,Dovyalis caffra,Salicaceae,plant,
damiana,damiana,Turnera diffusa,Passifloraceae,plant,
curuba-india,curuba india,Passiflora tarminiana,Passifloraceae,plant,
banana-passionfruit,banana passionfruit (curuba),Passiflora tripartita,Passifloraceae,plant,curuba
giant-granadilla,giant granadilla,Passiflora quadrangularis,Passifloraceae,plant,
winged-stem-passion-flower,winged-stem passion flower,Passiflora alata,Passifloraceae,plant,
water-lemon,water lemon,Passiflora laurifolia,Passifloraceae,plant,
passion-fruit,passion fruit,Passiflora edulis,Passifloraceae,plant,passion fruit
maypop,maypop,Passiflora incarnata,Passifloraceae,plant,
sweet-calabash,sweet calabash,Passiflora maliformis,Passifloraceae,plant,
sweet-granadilla,sweet granadilla,Passiflora ligularis,Passifloraceae,plant,
heartsease,heartsease,Viola tricolor,Violaceae,plant,
sweet-violet,sweet violet (flowers),Viola odorata,Violaceae,plant,
keluak,keluak,Pangium edule,Achariaceae,plant,
mamey-apple,mamey apple,Mammea americana,Calophyllaceae,plant,mamey de santo domingo;mamey amarillo;mamey de cartagena;mamey americano;mamey de las antillas;mamey criollo
bacuri,bacuri,Platonia insignis,Clusiaceae,plant,
achachairu,achachairú,Garcinia humilis,Clusiaceae,plant,
mangosteen,mangosteen,Garcinia mangostana,Clusiaceae,plant,
asam-gelugor,asam gelugor,Garcinia atroviridis,Clusiaceae,plant,
kokum,kokum,Garcinia indica,Clusiaceae,plant,
malabar-tamarind,Malabar tamarind (kodampuli),Garcinia gummi-gutta,Clusiaceae,plant,kodampuli
cowa,cowa,Garcinia cowa,Clusiaceae,plant,
button-mangosteen,button mangosteen,Garcinia prainiana,Clusiaceae,plant,
african-mangosteen,African mangosteen,Garcinia livingstonei,Clusiaceae,plant,
madrono,madroño,Garcinia madruno,Clusiaceae,plant,
bitter-kola,bitter kola,Garcinia kola,Clusiaceae,plant,
gamboge,gamboge (false mangosteen),Garcinia xanthochymus,Clusiaceae,plant,false mangosteen
st-johns-wort,St John's wort (tea),Hypericum perforatum,Hypericaceae,plant,
acerola,acerola,Malpighia emarginata,Malpighiaceae,plant,acerola;semeruco;cereza de barbados;cereza de jamaica;cereza de las antillas
peanut-butter-fruit,peanut butter fruit,Bunchosia armeniaca,Malpighiaceae,plant,
nance,nance,Byrsonima crassifolia,Malpighiaceae,plant,nance;nanche;nancite;changunga
masuku,masuku (wild loquat),Uapaca kirkiana,Phyllanthaceae,plant,wild loquat
bignay,bignay,Antidesma bunius,Phyllanthaceae,plant,
belimbing-hutan,belimbing hutan,Baccaurea angulata,Phyllanthaceae,plant,
rambai,rambai,Baccaurea motleyana,Phyllanthaceae,plant,
burmese-grape,Burmese grape,Baccaurea ramiflora,Phyllanthaceae,plant,
katuk,katuk (sweet leaf),Sauropus androgynus,Phyllanthaceae,plant,
amla,amla,Phyllanthus emblica,Phyllanthaceae,plant,
otaheite-gooseberry,Otaheite gooseberry,Phyllanthus acidus,Phyllanthaceae,plant,
coca,coca (leaf),Erythroxylum coca,Erythroxylaceae,plant,coca;mate de coca;té de coca;harina de coca
panda-nut,panda nut,Panda oleosa,Pandaceae,plant,
bitter-bush-mango,bitter bush mango,Irvingia wombolu,Irvingiaceae,plant,
bush-mango,bush mango (dika nut),Irvingia gabonensis,Irvingiaceae,plant,dika nut
cocoplum,cocoplum,Chrysobalanus icaco,Chrysobalanaceae,plant,
sansapote,sansapote,Licania platypus,Chrysobalanaceae,plant,
gingerbread-plum,gingerbread plum,Neocarya macrophylla,Chrysobalanaceae,plant,
mobola-plum,mobola plum,Parinari curatellifolia,Chrysobalanaceae,plant,
souari-nut,souari nut,Caryocar nuciferum,Caryocaraceae,plant,
pequi,pequi,Caryocar brasiliense,Caryocaraceae,plant,
piquia,piquiá,Caryocar villosum,Caryocaraceae,plant,
flax,flax (linseed),Linum usitatissimum,Linaceae,plant,linseed;linaza;lino
njangsa,njangsa,Ricinodendron heudelotii,Euphorbiaceae,plant,
candlenut,candlenut,Aleurites moluccanus,Euphorbiaceae,plant,
chaya,chaya,Cnidoscolus aconitifolius,Euphorbiaceae,plant,chaya;árbol de espinaca;espinaca maya;dzotobichay;brazo de reina
cassava,cassava,Manihot esculenta,Euphorbiaceae,plant,cassava;tapioca;yuca;manioc;mandioca;casabe;cazabe;guacamote;aipim;pan de yuca;cuñapé;enyucado;carimañola;farofa;fariña;mañoco;almidón agrio;polvilho;casave;cazave
african-walnut,African walnut (conophor),Tetracarpidium conophorum,Euphorbiaceae,plant,conophor
sacha-inchi,sacha inchi,Plukenetia volubilis,Euphorbiaceae,plant,
uxi,uxi,Endopleura uchi,Humiriaceae,plant,
field-horsetail,field horsetail (tsukushi),Equisetum arvense,Equisetaceae,plant,tsukushi;cola de caballo;té de cola de caballo;equiseto
giant-fern,giant fern (starch),Angiopteris evecta,Marattiaceae,plant,
cinnamon-fern,cinnamon fern,Osmundastrum cinnamomeum,Osmundaceae,plant,
zenmai,zenmai,Osmunda japonica,Osmundaceae,plant,
nardoo,nardoo,Marsilea drummondii,Marsileaceae,plant,
vegetable-fern,vegetable fern (paco),Diplazium esculentum,Athyriaceae,plant,paco
ostrich-fern,ostrich fern (fiddlehead),Matteuccia struthiopteris,Onocleaceae,plant,fiddlehead;fiddlehead fern;ostrich fern
midin,midin,Stenochlaena palustris,Blechnaceae,plant,
bracken,bracken (warabi),Pteridium aquilinum,Dennstaedtiaceae,plant,warabi
water-sprite,water sprite,Ceratopteris thalictroides,Pteridaceae,plant,
kawanori,kawanori,Prasiola japonica,Prasiolaceae,green,
chlorella,chlorella (pyrenoidosa),Auxenochlorella pyrenoidosa,Chlorellaceae,green,
chlorella-2,chlorella,Chlorella vulgaris,Chlorellaceae,green,chlorella;clorela;clorella
dunaliella,dunaliella,Dunaliella salina,Dunaliellaceae,green,
haematococcus,haematococcus (astaxanthin),Haematococcus lacustris,Haematococcaceae,green,astaxanthin
velvet-horn,velvet horn,Codium tomentosum,Codiaceae,green,
miru-fingers,miru / dead man's fingers,Codium fragile,Codiaceae,green,dead man's fingers
lato,lato,Caulerpa racemosa,Caulerpaceae,green,
sea-grapes,sea grapes / umibudo,Caulerpa lentillifera,Caulerpaceae,green,umibudo;sea grapes
monostroma,monostroma,Monostroma latissimum,Monostromataceae,green,
hitoegusa,hitoegusa,Monostroma nitidum,Monostromataceae,green,
linza,linza,Ulva linza,Ulvaceae,green,
rigid-sea-lettuce,rigid sea lettuce,Ulva rigida,Ulvaceae,green,
gutweed,gutweed,Ulva intestinalis,Ulvaceae,green,
aosa,aosa,Ulva pertusa,Ulvaceae,green,
aonori,aonori,Ulva prolifera,Ulvaceae,green,
sea-lettuce,sea lettuce,Ulva lactuca,Ulvaceae,green,sea lettuce;aonori;aosa;ulva;ao-nori;lechuga de mar;lechugas de mar;lamilla
sea-noodle,sea noodle / umisomen,Nemalion helminthoides,Liagoraceae,red,umisomen
pacific-dulse,Pacific dulse,Palmaria mollis,Palmariaceae,red,
dulse,dulse,Palmaria palmata,Palmariaceae,red,dulse;dillisk
red-ribbon,red ribbon,Devaleraea mollis,Palmariaceae,red,
hirakusa,hirakusa,Pterocladiella capillacea,Pterocladiaceae,red,
agar-weed,agar weed,Gelidium corneum,Gelidiaceae,red,
tengusa,tengusa (agar),Gelidium amansii,Gelidiaceae,red,agar
harpoon-weed,harpoon weed,Asparagopsis armata,Bonnemaisoniaceae,red,
limu-kohu,limu kohu,Asparagopsis taxiformis,Bonnemaisoniaceae,red,
halymenia,halymenia,Halymenia durvillei,Halymeniaceae,red,
devils-tongue-weed,devil's tongue weed,Grateloupia turuturu,Halymeniaceae,red,
sarcodia,sarcodia,Sarcodia ceylanica,Sarcodiaceae,red,
funori,funori,Gloiopeltis furcata,Endocladiaceae,red,
carola,carola,Callophyllis variegata,Kallymeniaceae,red,
dumonts-tubular-weed,dumont's tubular weed,Dumontia contorta,Dumontiaceae,red,
false-irish-moss,false Irish moss,Mastocarpus stellatus,Phyllophoraceae,red,
chicorea-de-mar,chicorea de mar,Chondracanthus chamissoi,Gigartinaceae,red,chicoria de mar;chicorea de mar;mococho
luga-negra,luga negra,Gigartina skottsbergii,Gigartinaceae,red,luga negra;luga
irish-moss,Irish moss,Chondrus crispus,Gigartinaceae,red,Irish moss;carrageenan;musgo irlandés;musgo de irlanda;carragenina;carragenano;irish moss
hooked-red-weed,hooked red weed,Hypnea musciformis,Cystocloniaceae,red,
catenella,catenella,Catenella nipae,Caulacanthaceae,red,
gelatinous-betaphycus,gelatinous betaphycus,Betaphycus gelatinus,Solieriaceae,red,
solieria,solieria,Solieria robusta,Solieriaceae,red,
tosakanori,tosakanori,Meristotheca papulosa,Solieriaceae,red,
cottonii,cottonii (carrageenan),Kappaphycus alvarezii,Solieriaceae,red,carrageenan
spinosum,spinosum,Eucheuma denticulatum,Solieriaceae,red,
pepper-dulse,pepper dulse,Osmundea pinnatifida,Rhodomelaceae,red,
limu-lipeepee,limu lipeepee,Acanthophora spicifera,Rhodomelaceae,red,
truffle-seaweed,truffle seaweed,Vertebrata lanosa,Rhodomelaceae,red,
longxucai,longxucai,Gracilariopsis lemaneiformis,Gracilariaceae,red,
gracilaria,gracilaria,Gracilaria verrucosa,Gracilariaceae,red,
ceylon-moss,ceylon moss,Gracilaria edulis,Gracilariaceae,red,
ogo,ogo,Gracilaria gracilis,Gracilariaceae,red,pelillo;ogo;ogonori;agar de pelillo
landladys-wig,landlady's wig,Ahnfeltia plicata,Ahnfeltiaceae,red,
bangia,bangia,Bangia fuscopurpurea,Bangiaceae,red,
atlantic-laver,Atlantic laver,Porphyra dioica,Bangiaceae,red,
purple-laver,purple laver,Porphyra purpurea,Bangiaceae,red,
laver,laver,Porphyra umbilicalis,Bangiaceae,red,laver;laverbread;luche
asakusa-nori,asakusa nori,Pyropia tenera,Bangiaceae,red,
tan-zicai,tan zicai,Pyropia haitanensis,Bangiaceae,red,
nori,nori,Pyropia yezoensis,Bangiaceae,red,nori;seaweed;sushi seaweed;gim;kim;alga para sushi
matsumo,matsumo,Analipus japonicus,Ralfsiaceae,brown,
sea-lace,sea lace,Chorda filum,Chordaceae,brown,
huiro-negro,huiro negro,Lessonia nigrescens,Lessoniaceae,brown,huiro negro;huiro palo;chascón;huiro chascón
sea-palm,sea palm,Postelsia palmaeformis,Laminariaceae,brown,
bull-kelp,bull kelp,Nereocystis luetkeana,Laminariaceae,brown,
giant-kelp,giant kelp,Macrocystis pyrifera,Laminariaceae,brown,huiro;sargazo gigante
arame,arame,Eisenia bicyclis,Lessoniaceae,brown,arame
common-kelp,common kelp (Australia),Ecklonia radiata,Lessoniaceae,brown,
kajime,kajime,Ecklonia cava,Lessoniaceae,brown,
ribbon-kelp,ribbon kelp,Alaria marginata,Alariaceae,brown,
winged-kelp,winged kelp / dabberlocks,Alaria esculenta,Alariaceae,brown,dabberlocks;winged kelp
wakame,wakame,Undaria pinnatifida,Alariaceae,brown,wakame
golden-kelp,golden kelp,Laminaria ochroleuca,Laminariaceae,brown,
tangle-kelp,tangle kelp,Laminaria hyperborea,Laminariaceae,brown,
oarweed,oarweed,Laminaria digitata,Laminariaceae,brown,
sugar-kelp,sugar kelp,Saccharina latissima,Laminariaceae,brown,
kombu,kombu,Saccharina japonica,Laminariaceae,brown,kombu;kelp;dashi;kelp noodles;laminaria;konbu;dashi kombu
seiyo-habanori,seiyo-habanori,Petalonia binghamiae,Scytosiphonaceae,brown,
ito-mozuku,ito-mozuku,Nemacystus decipiens,Chordariaceae,brown,
mozuku,mozuku,Cladosiphon okamuranus,Chordariaceae,brown,
sea-spaghetti,sea spaghetti,Himanthalia elongata,Himanthaliaceae,brown,espagueti de mar;espaguetis de mar;spaghetti de mar;judía de mar;judías de mar
spiral-wrack,spiral wrack,Fucus spiralis,Fucaceae,brown,
serrated-wrack,serrated wrack,Fucus serratus,Fucaceae,brown,
bladderwrack,bladderwrack,Fucus vesiculosus,Fucaceae,brown,bladderwrack
rockweed-wrack,rockweed / knotted wrack,Ascophyllum nodosum,Fucaceae,brown,knotted wrack;rockweed
wireweed,wireweed,Sargassum muticum,Sargassaceae,brown,
akamoku,akamoku,Sargassum horneri,Sargassaceae,brown,
hijiki,hijiki,Sargassum fusiforme,Sargassaceae,brown,hijiki;hiziki
cochayuyo,cochayuyo,Durvillaea antarctica,Durvillaeaceae,brown,cochayuyo;ulte
euglena,euglena (midorimushi),Euglena gracilis,Euglenaceae,other,midorimushi
amphioxus,amphioxus (lancelet),Branchiostoma belcheri,Branchiostomatidae,animal,lancelet;anfioxo;lanceta;amphioxus
eurasian-collared-dove,Eurasian collared dove,Streptopelia decaocto,Columbidae,animal,tórtola
rock-pigeon,rock pigeon / squab,Columba livia,Columbidae,animal,squab;pigeon;pichón;palomino
wood-pigeon,wood pigeon,Columba palumbus,Columbidae,animal,paloma torcaz;torcaz
white-winged-dove,white-winged dove,Zenaida asiatica,Columbidae,animal,paloma aliblanca;paloma de alas blancas
mourning-dove,mourning dove,Zenaida macroura,Columbidae,animal,paloma huilota;huilota
edible-nest-swiftlet,edible-nest swiftlet (bird's nest),Aerodramus fuciphagus,Apodidae,animal,bird's nest;nido de golondrina;salangana
ortolan-bunting,ortolan bunting (historical),Emberiza hortulana,Emberizidae,animal,
eurasian-tree-sparrow,Eurasian tree sparrow,Passer montanus,Passeridae,animal,
common-moorhen,common moorhen,Gallinula chloropus,Rallidae,animal,
eurasian-coot,Eurasian coot,Fulica atra,Rallidae,animal,focha;gallareta
atlantic-puffin,Atlantic puffin,Fratercula arctica,Alcidae,animal,
thick-billed-murre,thick-billed murre,Uria lomvia,Alcidae,animal,
common-guillemot,common guillemot,Uria aalge,Alcidae,animal,
black-headed-gull,black-headed gull (eggs),Chroicocephalus ridibundus,Laridae,animal,
common-snipe,common snipe,Gallinago gallinago,Scolopacidae,animal,
american-woodcock,American woodcock,Scolopax minor,Scolopacidae,animal,
eurasian-woodcock,Eurasian woodcock,Scolopax rusticola,Scolopacidae,animal,becada;chocha
northern-fulmar,northern fulmar,Fulmarus glacialis,Procellariidae,animal,
short-tailed-shearwater,short-tailed shearwater (yolla),Ardenna tenuirostris,Procellariidae,animal,yolla
sooty-shearwater,sooty shearwater (muttonbird),Ardenna grisea,Procellariidae,animal,muttonbird
white-faced-whistling-duck,white-faced whistling duck,Dendrocygna viduata,Anatidae,animal,
canada-goose,Canada goose,Branta canadensis,Anatidae,animal,
greater-white-fronted-goose,greater white-fronted goose,Anser albifrons,Anatidae,animal,
swan-goose,swan goose (Chinese goose),Anser cygnoides,Anatidae,animal,Chinese goose
greylag-goose,greylag / domestic goose,Anser anser,Anatidae,animal,domestic goose;goose;ganso
northern-shoveler,northern shoveler,Spatula clypeata,Anatidae,animal,pato cuchara
eurasian-wigeon,Eurasian wigeon,Mareca penelope,Anatidae,animal,
gadwall,gadwall,Mareca strepera,Anatidae,animal,
eurasian-teal,Eurasian teal,Anas crecca,Anatidae,animal,cerceta
northern-pintail,northern pintail,Anas acuta,Anatidae,animal,
mallard-duck,mallard / domestic duck,Anas platyrhynchos,Anatidae,animal,domestic duck;duck;duck egg;foie gras;pato;magret
canvasback,canvasback,Aythya valisineria,Anatidae,animal,
common-eider,common eider,Somateria mollissima,Anatidae,animal,éider
wood-duck,wood duck,Aix sponsa,Anatidae,animal,
muscovy-duck,Muscovy duck,Cairina moschata,Anatidae,animal,pato criollo;pato real;pato mudo;pato mulard
spur-winged-goose,spur-winged goose,Plectropterus gambensis,Anatidae,animal,
helmeted-guineafowl,helmeted guineafowl,Numida meleagris,Numididae,animal,guinea fowl;gallina de guinea;pintada;gallineta;guinea
chicken,chicken,Gallus gallus,Phasianidae,animal,chicken;egg;eggs;hen;poultry;pollo;gallina;pechuga;muslo;contramuslo;alitas;huevo;yema;tortilla francesa;tortilla de huevo;menudencias;suprema;nuggets
grey-francolin,grey francolin,Francolinus pondicerianus,Phasianidae,animal,
indian-peafowl,Indian peafowl (farmed),Pavo cristatus,Phasianidae,animal,
grey-partridge,grey partridge,Perdix perdix,Phasianidae,animal,perdiz pardilla;perdiz gris
common-pheasant,common pheasant,Phasianus colchicus,Phasianidae,animal,pheasant;faisán
turkey,turkey,Meleagris gallopavo,Phasianidae,animal,turkey;pavo;guajolote;pavita;chompipe;guanajo;jamón de pavo
hazel-grouse,hazel grouse,Tetrastes bonasia,Phasianidae,animal,
ruffed-grouse,ruffed grouse,Bonasa umbellus,Phasianidae,animal,
willow-ptarmigan,willow ptarmigan / red grouse,Lagopus lagopus,Phasianidae,animal,red grouse
rock-ptarmigan,rock ptarmigan,Lagopus muta,Phasianidae,animal,
western-capercaillie,western capercaillie,Tetrao urogallus,Phasianidae,animal,
black-grouse,black grouse,Lyrurus tetrix,Phasianidae,animal,
dusky-grouse,dusky grouse,Dendragapus obscurus,Phasianidae,animal,
greater-prairie-chicken,greater prairie chicken,Tympanuchus cupido,Phasianidae,animal,
japanese-quail,Japanese quail,Coturnix japonica,Phasianidae,animal,codorniz;codornices;huevo de codorniz
common-quail,common quail,Coturnix coturnix,Phasianidae,animal,quail;quail egg
cape-spurfowl,Cape spurfowl,Pternistis capensis,Phasianidae,animal,
red-legged-partridge,red-legged partridge,Alectoris rufa,Phasianidae,animal,perdiz;perdices
chukar,chukar,Alectoris chukar,Phasianidae,animal,
northern-bobwhite,northern bobwhite,Colinus virginianus,Odontophoridae,animal,
california-quail,California quail,Callipepla californica,Odontophoridae,animal,
dusky-legged-guan,dusky-legged guan,Penelope obscura,Cracidae,animal,pava de monte;yacutinga
bare-faced-curassow,bare-faced curassow,Crax fasciolata,Cracidae,animal,muitú;paujil;pavón;hoco
plain-chachalaca,plain chachalaca,Ortalis vetula,Cracidae,animal,chachalaca
dusky-megapode,dusky megapode (eggs),Megapodius freycinet,Megapodiidae,animal,
australian-brushturkey,Australian brushturkey (eggs),Alectura lathami,Megapodiidae,animal,
greater-rhea,greater rhea,Rhea americana,Rheidae,animal,ñandú
emu,emu,Dromaius novaehollandiae,Dromaiidae,animal,emú
ostrich,ostrich,Struthio camelus,Struthionidae,animal,ostrich;avestruz
great-tinamou,great tinamou,Tinamus major,Tinamidae,animal,tinamú;gallina de monte;yuto
elegant-crested-tinamou,elegant crested tinamou,Eudromia elegans,Tinamidae,animal,martineta;perdiz copetona;copetona
spotted-nothura,spotted nothura,Nothura maculosa,Tinamidae,animal,perdiz chica;inambú
red-winged-tinamou,red-winged tinamou,Rhynchotus rufescens,Tinamidae,animal,perdiz colorada;martineta colorada
yacare-caiman,yacare caiman,Caiman yacare,Alligatoridae,animal,yacaré;caimán
siamese-crocodile,Siamese crocodile (farmed),Crocodylus siamensis,Crocodylidae,animal,
saltwater-crocodile,saltwater crocodile,Crocodylus porosus,Crocodylidae,animal,
nile-crocodile,Nile crocodile,Crocodylus niloticus,Crocodylidae,animal,cocodrilo
american-alligator,American alligator,Alligator mississippiensis,Alligatoridae,animal,alligator;crocodile;aligátor;lagarto americano
diamondback-terrapin,diamondback terrapin,Malaclemys terrapin,Emydidae,animal,
pond-slider,pond slider,Trachemys scripta,Emydidae,animal,jicotea;hicotea
asiatic-softshell,Asiatic softshell,Amyda cartilaginea,Trionychidae,animal,
florida-softshell,Florida softshell,Apalone ferox,Trionychidae,animal,
spiny-softshell,spiny softshell,Apalone spinifera,Trionychidae,animal,
chinese-softshell-turtle,Chinese softshell turtle,Pelodiscus sinensis,Trionychidae,animal,
snapping-turtle,snapping turtle,Chelydra serpentina,Chelydridae,animal,snapping turtle;turtle
black-and-white-tegu,black-and-white tegu,Salvator merianae,Teiidae,animal,lagarto overo;tegu;iguana overa
reticulated-python,reticulated python,Malayopython reticulatus,Pythonidae,animal,
burmese-python,Burmese python,Python bivittatus,Pythonidae,animal,
western-diamondback-rattlesnake,western diamondback rattlesnake,Crotalus atrox,Viperidae,animal,
many-banded-krait,many-banded krait (snake soup),Bungarus multicinctus,Elapidae,animal,snake soup
chinese-cobra,Chinese cobra (snake soup),Naja atra,Elapidae,animal,snake soup
oriental-ratsnake,oriental ratsnake,Ptyas mucosa,Colubridae,animal,
nile-monitor,Nile monitor,Varanus niloticus,Varanidae,animal,
asian-water-monitor,Asian water monitor,Varanus salvator,Varanidae,animal,
black-spiny-tailed-iguana,black spiny-tailed iguana (garrobo),Ctenosaura similis,Iguanidae,animal,garrobo;iguana negra
mexican-spiny-tailed-iguana,Mexican spiny-tailed iguana,Ctenosaura pectinata,Iguanidae,animal,
green-iguana,green iguana,Iguana iguana,Iguanidae,animal,iguana
red-necked-wallaby,red-necked wallaby,Notamacropus rufogriseus,Macropodidae,animal,
red-kangaroo,red kangaroo,Osphranter rufus,Macropodidae,animal,
swamp-wallaby,swamp wallaby,Wallabia bicolor,Macropodidae,animal,
eastern-grey-kangaroo,eastern grey kangaroo,Macropus giganteus,Macropodidae,animal,
western-grey-kangaroo,western grey kangaroo,Macropus fuliginosus,Macropodidae,animal,
common-brushtail-possum,common brushtail possum,Trichosurus vulpecula,Phalangeridae,animal,
common-wombat,common wombat,Vombatus ursinus,Vombatidae,animal,
northern-brown-bandicoot,northern brown bandicoot,Isoodon macrourus,Peramelidae,animal,
common-opossum,common opossum,Didelphis marsupialis,Didelphidae,animal,zarigüeya;chucha;rabipelado;tlacuache
virginia-opossum,Virginia opossum,Didelphis virginiana,Didelphidae,animal,
aardvark,aardvark,Orycteropus afer,Orycteropodidae,animal,
rock-hyrax,rock hyrax,Procavia capensis,Procaviidae,animal,
dugong,dugong,Dugong dugon,Dugongidae,animal,
nine-banded-armadillo,nine-banded armadillo,Dasypus novemcinctus,Dasypodidae,animal,armadillo;quirquincho;mulita;cachicamo;tatú
european-rabbit,European rabbit,Oryctolagus cuniculus,Leporidae,animal,rabbit;conejo
eastern-cottontail,eastern cottontail,Sylvilagus floridanus,Leporidae,animal,
snowshoe-hare,snowshoe hare,Lepus americanus,Leporidae,animal,
mountain-hare,mountain hare,Lepus timidus,Leporidae,animal,
european-hare,European hare,Lepus europaeus,Leporidae,animal,hare;liebre
black-tailed-jackrabbit,black-tailed jackrabbit,Lepus californicus,Leporidae,animal,
american-beaver,American beaver,Castor canadensis,Castoridae,animal,
eurasian-beaver,Eurasian beaver,Castor fiber,Castoridae,animal,
gambian-pouched-rat,Gambian pouched rat,Cricetomys gambianus,Nesomyidae,animal,
muskrat,muskrat,Ondatra zibethicus,Cricetidae,animal,
lesser-bandicoot-rat,lesser bandicoot rat,Bandicota bengalensis,Muridae,animal,
ricefield-rat,ricefield rat,Rattus argentiventer,Muridae,animal,
nutria,nutria (coypu),Myocastor coypus,Echimyidae,animal,coypu;coipo;coipú;nutria
plains-viscacha,plains viscacha,Lagostomus maximus,Chinchillidae,animal,vizcacha
pacarana,pacarana,Dinomys branickii,Dinomyidae,animal,
north-american-porcupine,North American porcupine,Erethizon dorsatum,Erethizontidae,animal,
guinea-pig,guinea pig (cuy),Cavia porcellus,Caviidae,animal,cuy;guinea pig;cuye;cobayo;conejillo de indias
capybara,capybara,Hydrochoerus hydrochaeris,Caviidae,animal,capibara;carpincho;chigüire
central-american-agouti,Central American agouti,Dasyprocta punctata,Dasyproctidae,animal,agutí;guatusa;ñeque;picure;cotuza;guatín
red-rumped-agouti,red-rumped agouti,Dasyprocta leporina,Dasyproctidae,animal,
lowland-paca,lowland paca,Cuniculus paca,Cuniculidae,animal,paca;tepezcuintle;tepezcuinte;guagua;majaz;guanta;picuro
greater-cane-rat,greater cane rat (grasscutter),Thryonomys swinderianus,Thryonomyidae,animal,grasscutter
african-brush-tailed-porcupine,African brush-tailed porcupine,Atherurus africanus,Hystricidae,animal,
crested-porcupine,crested porcupine,Hystrix cristata,Hystricidae,animal,
eastern-grey-squirrel,eastern grey squirrel,Sciurus carolinensis,Sciuridae,animal,
fox-squirrel,fox squirrel,Sciurus niger,Sciuridae,animal,
mongolian-marmot,Mongolian marmot (tarbagan),Marmota sibirica,Sciuridae,animal,tarbagan
groundhog,groundhog,Marmota monax,Sciuridae,animal,
edible-dormouse,edible dormouse,Glis glis,Gliridae,animal,
large-flying-fox,large flying fox,Pteropus vampyrus,Pteropodidae,animal,
mariana-fruit-bat,Mariana fruit bat,Pteropus mariannus,Pteropodidae,animal,
straw-coloured-fruit-bat,straw-coloured fruit bat,Eidolon helvum,Pteropodidae,animal,
european-badger,European badger,Meles meles,Mustelidae,animal,
raccoon,raccoon,Procyon lotor,Procyonidae,animal,
harp-seal,harp seal,Pagophilus groenlandicus,Phocidae,animal,
harbour-seal,harbour seal,Phoca vitulina,Phocidae,animal,
ringed-seal,ringed seal,Pusa hispida,Phocidae,animal,
bearded-seal,bearded seal,Erignathus barbatus,Phocidae,animal,
walrus,walrus,Odobenus rosmarus,Odobenidae,animal,
northern-fur-seal,northern fur seal,Callorhinus ursinus,Otariidae,animal,
brown-bear,brown bear,Ursus arctos,Ursidae,animal,
polar-bear,polar bear,Ursus maritimus,Ursidae,animal,
american-black-bear,American black bear,Ursus americanus,Ursidae,animal,
dog,dog (familiaris),Canis lupus,Canidae,animal,familiaris
raccoon-dog,raccoon dog,Nyctereutes procyonoides,Canidae,animal,
common-eland,common eland,Taurotragus oryx,Bovidae,animal,
gemsbok,gemsbok,Oryx gazella,Bovidae,animal,
hartebeest,hartebeest,Alcelaphus buselaphus,Bovidae,animal,
blesbok,blesbok,Damaliscus pygargus,Bovidae,animal,
blue-wildebeest,blue wildebeest,Connochaetes taurinus,Bovidae,animal,
chamois,chamois,Rupicapra rupicapra,Bovidae,animal,
mountain-goat,mountain goat,Oreamnos americanus,Bovidae,animal,
goat,goat,Capra hircus,Bovidae,animal,goat;chevre;goat cheese;goat milk;cabra;chivo;cabrito;queso de cabra;cajeta
alpine-ibex,Alpine ibex,Capra ibex,Bovidae,animal,
sheep,sheep,Ovis aries,Bovidae,animal,sheep;lamb;mutton;feta;pecorino;sheep milk;cordero;oveja;borrego;carnero;lechazo;queso de oveja
bighorn-sheep,bighorn sheep,Ovis canadensis,Bovidae,animal,
common-duiker,common duiker,Sylvicapra grimmia,Bovidae,animal,
blue-duiker,blue duiker,Philantomba monticola,Bovidae,animal,
springbok,springbok,Antidorcas marsupialis,Bovidae,animal,
blackbuck,blackbuck,Antilope cervicapra,Bovidae,animal,
steenbok,steenbok,Raphicerus campestris,Bovidae,animal,
waterbuck,waterbuck,Kobus ellipsiprymnus,Bovidae,animal,
impala,impala,Aepyceros melampus,Bovidae,animal,
nilgai,nilgai,Boselaphus tragocamelus,Bovidae,animal,
greater-kudu,greater kudu,Tragelaphus strepsiceros,Bovidae,animal,
bushbuck,bushbuck,Tragelaphus scriptus,Bovidae,animal,
water-buffalo,water buffalo,Bubalus bubalis,Bovidae,animal,water buffalo;buffalo mozzarella;búfalo;búfala
african-buffalo,African buffalo,Syncerus caffer,Bovidae,animal,
american-bison,American bison,Bison bison,Bovidae,animal,bison;buffalo;bisonte
domestic-yak,domestic yak,Bos grunniens,Bovidae,animal,
european-bison,European bison (wisent),Bison bonasus,Bovidae,animal,wisent
gayal,gayal (mithun),Bos frontalis,Bovidae,animal,mithun
banteng-cattle,banteng / Bali cattle,Bos javanicus,Bovidae,animal,Bali cattle
zebu,zebu,Bos indicus,Bovidae,animal,
cattle,cattle,Bos taurus,Bovidae,animal,cattle;beef;milk;cheese;butter;cream;yogurt;ghee;steak;veal;whey;parmesan;cheddar;mozzarella;burger;hamburger;cheeseburger;ground beef;res;carne de vaca;vaca;vacuno;ternera;carne;bife;lomo;vacío;matambre;entraña;costilla;picaña;picanha;bistec;bisté;cecina;charqui;charque;tasajo;mondongo;chinchulines;molleja;riñón;osobuco;rabo de toro;arrachera;leche;queso;quesillo;requesón;ricota;ricotta;mantequilla;manteca;crema;nata;yogur;suero;helado;jocoque;cuajada;provolone;muzzarella;burrata;chantilly;kéfir;kumis;bienmesabe;cebú
moose,moose,Alces alces,Cervidae,animal,alce
roe-deer,roe deer,Capreolus capreolus,Cervidae,animal,corzo
water-deer,water deer,Hydropotes inermis,Cervidae,animal,
mule-deer,mule deer,Odocoileus hemionus,Cervidae,animal,
white-tailed-deer,white-tailed deer,Odocoileus virginianus,Cervidae,animal,deer;venado;venado cola blanca
reindeer,reindeer / caribou,Rangifer tarandus,Cervidae,animal,caribou;reno;caribú
chital,chital,Axis axis,Cervidae,animal,
sambar,sambar,Rusa unicolor,Cervidae,animal,
javan-rusa,Javan rusa,Rusa timorensis,Cervidae,animal,
elk,elk (wapiti),Cervus canadensis,Cervidae,animal,wapiti
sika-deer,sika deer,Cervus nippon,Cervidae,animal,
red-deer,red deer,Cervus elaphus,Cervidae,animal,red deer;ciervo
fallow-deer,fallow deer,Dama dama,Cervidae,animal,gamo
reevess-muntjac,Reeves's muntjac,Muntiacus reevesi,Cervidae,animal,
pronghorn,pronghorn,Antilocapra americana,Antilocapridae,animal,
giraffe,giraffe,Giraffa camelopardalis,Giraffidae,animal,
long-finned-pilot-whale,long-finned pilot whale,Globicephala melas,Delphinidae,animal,
dalls-porpoise,Dall's porpoise,Phocoenoides dalli,Phocoenidae,animal,
beluga,beluga,Delphinapterus leucas,Monodontidae,animal,
narwhal,narwhal,Monodon monoceros,Monodontidae,animal,
common-minke-whale,common minke whale,Balaenoptera acutorostrata,Balaenopteridae,animal,
bowhead-whale,bowhead whale,Balaena mysticetus,Balaenidae,animal,
fin-whale,fin whale,Balaenoptera physalus,Balaenopteridae,animal,
antarctic-minke-whale,Antarctic minke whale,Balaenoptera bonaerensis,Balaenopteridae,animal,
hippopotamus,hippopotamus,Hippopotamus amphibius,Hippopotamidae,animal,
babirusa,babirusa,Babyrousa celebensis,Suidae,animal,
common-warthog,common warthog,Phacochoerus africanus,Suidae,animal,
bearded-pig,bearded pig,Sus barbatus,Suidae,animal,
pig-boar,pig / wild boar,Sus scrofa,Suidae,animal,wild boar;pig;pork;bacon;ham;lard;prosciutto;sausage;pancetta;gelatin;cerdo;chancho;puerco;cochino;marrano;cochinillo;chuleta;panceta;tocino;tocineta;longaniza;salchicha;salchichón;morcilla;moronga;rellena;butifarra;fuet;chicharrón;cochinita;lardo;bondiola;sobrasada;mortadela;jamonada;jabalí;cuerito;salame;bacón;beicon;codillo;lacón;pancho;frankfurt;embutido;costillar;paté;guanciale;pastor
celebes-warty-pig,Celebes warty pig,Sus celebensis,Suidae,animal,
bushpig,bushpig,Potamochoerus larvatus,Suidae,animal,
red-river-hog,red river hog,Potamochoerus porcus,Suidae,animal,
collared-peccary,collared peccary,Pecari tajacu,Tayassuidae,animal,pecarí;sajino;saíno;sahíno;chancho de monte;báquiro;zaino;coche de monte
white-lipped-peccary,white-lipped peccary,Tayassu pecari,Tayassuidae,animal,huangana;cariblanco;puerco de monte
bactrian-camel,Bactrian camel,Camelus bactrianus,Camelidae,animal,
dromedary,dromedary,Camelus dromedarius,Camelidae,animal,camel
llama,llama,Lama glama,Camelidae,animal,llama
guanaco,guanaco,Lama guanicoe,Camelidae,animal,guanaco
alpaca,alpaca,Vicugna pacos,Camelidae,animal,alpaca
south-american-tapir,South American tapir,Tapirus terrestris,Tapiridae,animal,tapir;danta;sachavaca;anta
donkey,donkey,Equus asinus,Equidae,animal,burro;asno
horse,horse,Equus caballus,Equidae,animal,horse;caballo;carne equina;yegua
plains-zebra,plains zebra,Equus quagga,Equidae,animal,
short-beaked-echidna,short-beaked echidna,Tachyglossus aculeatus,Tachyglossidae,animal,
smoky-jungle-frog,smoky jungle frog,Leptodactylus pentadactylus,Leptodactylidae,animal,
african-bullfrog,African bullfrog,Pyxicephalus adspersus,Pyxicephalidae,animal,
northern-leopard-frog,northern leopard frog,Lithobates pipiens,Ranidae,animal,
american-bullfrog,American bullfrog,Lithobates catesbeianus,Ranidae,animal,rana;rana toro
edible-frog,edible frog,Pelophylax kl. esculentus,Ranidae,animal,
marsh-frog,marsh frog,Pelophylax ridibundus,Ranidae,animal,
indian-bullfrog,Indian bullfrog,Hoplobatrachus tigerinus,Dicroglossidae,animal,
chinese-edible-frog,Chinese edible frog,Hoplobatrachus rugulosus,Dicroglossidae,animal,
rice-field-frog,rice-field frog,Fejervarya limnocharis,Dicroglossidae,animal,
giant-spiny-frog,giant spiny frog,Quasipaa spinosa,Dicroglossidae,animal,
stone-creek-frog,stone creek frog,Limnonectes macrodon,Dicroglossidae,animal,
west-african-lungfish,West African lungfish,Protopterus annectens,Protopteridae,animal,
bichir,bichir,Polypterus senegalus,Polypteridae,animal,
paddlefish,paddlefish,Polyodon spathula,Polyodontidae,animal,pez espátula;pez cuchara;caviar de pez espátula
atlantic-sturgeon,Atlantic sturgeon,Acipenser oxyrinchus,Acipenseridae,animal,
white-sturgeon,white sturgeon,Acipenser transmontanus,Acipenseridae,animal,esturión blanco;caviar de esturión blanco
beluga-sturgeon,beluga sturgeon,Huso huso,Acipenseridae,animal,caviar beluga;esturión beluga
stellate-sturgeon,stellate sturgeon (sevruga),Acipenser stellatus,Acipenseridae,animal,sevruga;caviar sevruga;esturión estrellado
russian-sturgeon,Russian sturgeon (osetra),Acipenser gueldenstaedtii,Acipenseridae,animal,osetra;caviar;esturión
siberian-sturgeon,Siberian sturgeon,Acipenser baerii,Acipenseridae,animal,esturión siberiano;caviar siberiano;caviar baeri
bowfin,bowfin,Amia calva,Amiidae,animal,
alligator-gar,alligator gar,Atractosteus spatula,Lepisosteidae,animal,
longnose-gar,longnose gar,Lepisosteus osseus,Lepisosteidae,animal,
tarpon,tarpon,Megalops atlanticus,Megalopidae,animal,sábalo real;tarpón
ladyfish,ladyfish,Elops saurus,Elopidae,animal,macabí;malacho
bonefish,bonefish,Albula vulpes,Albulidae,animal,macabí de hueso;ratón de mar
shortfin-eel,shortfin eel,Anguilla australis,Anguillidae,animal,
japanese-eel,Japanese eel (unagi),Anguilla japonica,Anguillidae,animal,unagi;anguila japonesa;kabayaki
european-eel,European eel,Anguilla anguilla,Anguillidae,animal,anguila;angulas;angula
american-eel,American eel,Anguilla rostrata,Anguillidae,animal,anguila americana
giant-moray,giant moray,Gymnothorax javanicus,Muraenidae,animal,morena
european-conger,European conger,Conger conger,Congridae,animal,congrio europeo;congrio común
whitespotted-conger,whitespotted conger (anago),Conger myriaster,Congridae,animal,anago;congrio japonés
daggertooth-pike-conger,daggertooth pike conger (hamo),Muraenesox cinereus,Muraenesocidae,animal,hamo;congrio picudo
goldeye,goldeye,Hiodon alosoides,Hiodontidae,animal,
african-bonytongue,African bonytongue,Heterotis niloticus,Arapaimidae,animal,
arapaima,arapaima (pirarucu),Arapaima gigas,Arapaimidae,animal,pirarucu;paiche;pirarucú
bronze-featherback,bronze featherback,Notopterus notopterus,Notopteridae,animal,
clown-featherback,clown featherback,Chitala ornata,Notopteridae,animal,
aba,aba,Gymnarchus niloticus,Gymnarchidae,animal,
cornish-jack,cornish jack,Mormyrops anguilloides,Mormyridae,animal,
indian-anchovy,Indian anchovy,Stolephorus indicus,Engraulidae,animal,anchoa india;ikan bilis
japanese-grenadier-anchovy,Japanese grenadier anchovy,Coilia nasus,Engraulidae,animal,
peruvian-anchoveta,Peruvian anchoveta,Engraulis ringens,Engraulidae,animal,anchoveta
northern-anchovy,northern anchovy,Engraulis mordax,Engraulidae,animal,anchoveta norteña;anchoa del pacífico norte
european-anchovy,European anchovy,Engraulis encrasicolus,Engraulidae,animal,anchoa;boquerón;bocarte
japanese-anchovy,Japanese anchovy,Engraulis japonicus,Engraulidae,animal,anchoa japonesa;niboshi;iriko
sprat,sprat,Sprattus sprattus,Clupeidae,animal,sprat
atlantic-herring,Atlantic herring,Clupea harengus,Clupeidae,animal,herring;arenque
pacific-herring,Pacific herring,Clupea pallasii,Clupeidae,animal,arenque del pacífico;kazunoko;huevas de arenque
european-pilchard,European pilchard (sardine),Sardina pilchardus,Clupeidae,animal,sardine;sardines;pilchard;sardina
pacific-sardine,Pacific sardine,Sardinops sagax,Clupeidae,animal,sardina del pacífico;sardina peruana;sardina chilena;sardina monterrey;sardina crinuda
atlantic-menhaden,Atlantic menhaden,Brevoortia tyrannus,Alosidae,animal,lacha;menhaden
alewife,alewife,Alosa pseudoharengus,Alosidae,animal,
american-shad,American shad,Alosa sapidissima,Alosidae,animal,sábalo americano;alosa americana
allis-shad,allis shad,Alosa alosa,Alosidae,animal,sábalo europeo;alosa
hilsa,hilsa,Tenualosa ilisha,Dorosomatidae,animal,hilsa;ilish
dotted-gizzard-shad,dotted gizzard shad (kohada),Konosirus punctatus,Dorosomatidae,animal,kohada;konoshiro
bonga-shad,bonga shad,Ethmalosa fimbriata,Dorosomatidae,animal,bonga;sábalo bonga
indian-oil-sardine,Indian oil sardine,Sardinella longiceps,Dorosomatidae,animal,
round-sardinella,round sardinella,Sardinella aurita,Dorosomatidae,animal,sardinela;alacha;machuelo
milkfish,milkfish,Chanos chanos,Chanidae,animal,sabalote;chano;bangus
moon-fish,moon fish,Citharinus citharus,Citharinidae,animal,
grass-eater,grass-eater,Distichodus rostratus,Distichodontidae,animal,
tigerfish,tigerfish,Hydrocynus vittatus,Alestidae,animal,
tambaqui,tambaqui,Colossoma macropomum,Serrasalmidae,animal,cachama negra;gamitana;tambaqui
pirapitinga,pirapitinga,Piaractus brachypomus,Serrasalmidae,animal,cachama;morocoto;pirapitinga
pacu,pacu,Piaractus mesopotamicus,Serrasalmidae,animal,pacú
red-bellied-piranha,red-bellied piranha,Pygocentrus nattereri,Serrasalmidae,animal,piraña;caribe;palometa piraña
piapara,piapara,Leporinus obtusidens,Anostomidae,animal,boga de río;piapara
sabalo,sábalo (curimba),Prochilodus lineatus,Prochilodontidae,animal,curimba;sábalo
curimata,curimatã,Prochilodus nigricans,Prochilodontidae,animal,boquichico;bocachico amazónico;curimatá
trahira,trahira,Hoplias malabaricus,Erythrinidae,animal,tararira;guabina;trahira;dormilona de río;moncholo
river-dorado,river dorado,Salminus brasiliensis,Bryconidae,animal,dorado de río;dorado fluvial;dorado del paraná;tigre de río
matrinxa,matrinxã,Brycon amazonicus,Bryconidae,animal,yamú;sábalo amazónico;matrinxã;sabaleta
amazon-sailfin-catfish,Amazon sailfin catfish,Pterygoplichthys pardalis,Loricariidae,animal,pez diablo;plecostomus;pleco;carachama;cucha
walking-catfish,walking catfish,Clarias batrachus,Clariidae,animal,
broadhead-catfish,broadhead catfish,Clarias macrocephalus,Clariidae,animal,
vundu,vundu,Heterobranchus longifilis,Clariidae,animal,
african-sharptooth-catfish,African sharptooth catfish,Clarias gariepinus,Clariidae,animal,bagre africano;pez gato africano;clarias
wels-catfish,wels catfish,Silurus glanis,Siluridae,animal,siluro
amur-catfish,Amur catfish,Silurus asotus,Siluridae,animal,
wallago,wallago,Wallago attu,Siluridae,animal,
asian-redtail-catfish,Asian redtail catfish,Hemibagrus nemurus,Bagridae,animal,
bayad,bayad,Bagrus bajad,Bagridae,animal,
goonch,goonch,Bagarius yarrelli,Sisoridae,animal,
eel-tailed-catfish,eel-tailed catfish,Tandanus tandanus,Plotosidae,animal,
mekong-giant-catfish,Mekong giant catfish,Pangasianodon gigas,Pangasiidae,animal,
striped-catfish,striped catfish (basa/swai),Pangasianodon hypophthalmus,Pangasiidae,animal,swai);basa/swai;basa;panga;pangasius;swai
basa,basa,Pangasius bocourti,Pangasiidae,animal,basa vietnamita
brown-bullhead,brown bullhead,Ameiurus nebulosus,Ictaluridae,animal,bagre marrón;barbudo marrón
blue-catfish,blue catfish,Ictalurus furcatus,Ictaluridae,animal,bagre azul
channel-catfish,channel catfish,Ictalurus punctatus,Ictaluridae,animal,catfish;bagre;pez gato
flathead-catfish,flathead catfish,Pylodictis olivaris,Ictaluridae,animal,bagre cabeza plana
white-sea-catfish,white sea catfish,Genidens barbus,Ariidae,animal,bagre de mar;bagre marino;bagre blanco
gafftopsail-catfish,gafftopsail catfish,Bagre marinus,Ariidae,animal,bagre bandera;bagre cacumo
giant-sea-catfish,giant sea catfish,Netuma thalassina,Ariidae,animal,
south-american-catfish,South American catfish (jundiá),Rhamdia quelen,Heptapteridae,animal,jundiá;bagre negro;bagre sapo;barbudo;bagre criollo
surubi,surubí,Pseudoplatystoma corruscans,Pimelodidae,animal,surubí;pintado
barred-sorubim,barred sorubim,Pseudoplatystoma fasciatum,Pimelodidae,animal,bagre rayado;surubí atigrado;doncella;bagre tigre;pintadillo
piraiba,piraíba,Brachyplatystoma filamentosum,Pimelodidae,animal,piraíba;lechero;saltón;valentón
dourada,dourada,Brachyplatystoma rousseauxii,Pimelodidae,animal,dorada de río;dourada;zúngaro dorado;plateado
redtail-catfish,redtail catfish,Phractocephalus hemioliopterus,Pimelodidae,animal,pirarara;cajaro;bagre pirarara;guacamayo
bagrid-catfish,bagrid catfish (West Africa),Chrysichthys nigrodigitatus,Claroteidae,animal,
nile-squeaker,Nile squeaker,Synodontis schall,Mochokidae,animal,
electric-catfish,electric catfish,Malapterurus electricus,Malapteruridae,animal,
smallmouth-buffalo,smallmouth buffalo,Ictiobus bubalus,Catostomidae,animal,
white-sucker,white sucker,Catostomus commersonii,Catostomidae,animal,
pond-loach,pond loach (dojo),Misgurnus anguillicaudatus,Cobitidae,animal,dojo
catla,catla,Labeo catla,Cyprinidae,animal,
rohu,rohu,Labeo rohita,Cyprinidae,animal,
mrigal,mrigal,Cirrhinus cirrhosus,Cyprinidae,animal,
mud-carp,mud carp,Cirrhinus molitorella,Cyprinidae,animal,
common-carp,common carp,Cyprinus carpio,Cyprinidae,animal,carp;carpa
crucian-carp,crucian carp,Carassius carassius,Cyprinidae,animal,carpín
prussian-carp,Prussian carp,Carassius gibelio,Cyprinidae,animal,
silver-barb,silver barb,Barbonymus gonionotus,Cyprinidae,animal,
golden-mahseer,golden mahseer,Tor putitora,Cyprinidae,animal,
malaysian-mahseer,Malaysian mahseer (empurau),Tor tambroides,Cyprinidae,animal,empurau
barbel,barbel,Barbus barbus,Cyprinidae,animal,barbo
yellowcheek,yellowcheek,Elopichthys bambusa,Xenocyprididae,animal,
grass-carp,grass carp,Ctenopharyngodon idella,Xenocyprididae,animal,carpa herbívora;carpa china
black-carp,black carp,Mylopharyngodon piceus,Xenocyprididae,animal,
silver-carp,silver carp,Hypophthalmichthys molitrix,Xenocyprididae,animal,carpa plateada
bighead-carp,bighead carp,Hypophthalmichthys nobilis,Xenocyprididae,animal,
wuchang-bream,Wuchang bream,Megalobrama amblycephala,Xenocyprididae,animal,
tench,tench,Tinca tinca,Tincidae,animal,tenca
ide,ide,Leuciscus idus,Leuciscidae,animal,
chub,chub,Squalius cephalus,Leuciscidae,animal,
common-bream,common bream,Abramis brama,Leuciscidae,animal,
roach,roach,Rutilus rutilus,Leuciscidae,animal,rutilo;bermejuela
muskellunge,muskellunge,Esox masquinongy,Esocidae,animal,
northern-pike,northern pike,Esox lucius,Esocidae,animal,lucio
inconnu,inconnu (sheefish),Stenodus leucichthys,Salmonidae,animal,sheefish
cisco,cisco,Coregonus artedi,Salmonidae,animal,
vendace,vendace,Coregonus albula,Salmonidae,animal,
lake-whitefish,lake whitefish,Coregonus clupeaformis,Salmonidae,animal,
european-whitefish,European whitefish,Coregonus lavaretus,Salmonidae,animal,
grayling,grayling,Thymallus thymallus,Salmonidae,animal,
arctic-grayling,Arctic grayling,Thymallus arcticus,Salmonidae,animal,
taimen,taimen,Hucho taimen,Salmonidae,animal,
huchen,huchen,Hucho hucho,Salmonidae,animal,
white-spotted-char,white-spotted char (iwana),Salvelinus leucomaenis,Salmonidae,animal,iwana
brook-trout,brook trout,Salvelinus fontinalis,Salmonidae,animal,trucha de arroyo;salvelino
lake-trout,lake trout,Salvelinus namaycush,Salmonidae,animal,
dolly-varden,Dolly Varden,Salvelinus malma,Salmonidae,animal,
arctic-char,Arctic char,Salvelinus alpinus,Salmonidae,animal,trucha alpina;salvelino alpino
atlantic-salmon,Atlantic salmon,Salmo salar,Salmonidae,animal,Atlantic salmon;salmon;lox;gravlax;smoked salmon;salmón
brown-trout,brown / sea trout,Salmo trutta,Salmonidae,animal,sea trout;trucha marrón;trucha común;trucha fario;reo
masu-salmon,masu salmon,Oncorhynchus masou,Salmonidae,animal,
sockeye-salmon,sockeye salmon,Oncorhynchus nerka,Salmonidae,animal,Pacific salmon;sockeye;coho;king salmon;chinook;salmón rojo;salmón sockeye
chum-salmon,chum salmon,Oncorhynchus keta,Salmonidae,animal,salmón keta;salmón chum
pink-salmon,pink salmon,Oncorhynchus gorbuscha,Salmonidae,animal,salmón rosado
chinook-salmon,chinook salmon,Oncorhynchus tshawytscha,Salmonidae,animal,salmón chinook;salmón rey
coho-salmon,coho salmon,Oncorhynchus kisutch,Salmonidae,animal,salmón coho;salmón plateado
cutthroat-trout,cutthroat trout,Oncorhynchus clarkii,Salmonidae,animal,
rainbow-trout,rainbow trout / steelhead,Oncorhynchus mykiss,Salmonidae,animal,steelhead;rainbow trout;trout;trucha
wakasagi,wakasagi,Hypomesus nipponensis,Osmeridae,animal,wakasagi
capelin,capelin,Mallotus villosus,Osmeridae,animal,capelán;capelín;masago
rainbow-smelt,rainbow smelt,Osmerus mordax,Osmeridae,animal,eperlano
european-smelt,European smelt,Osmerus eperlanus,Osmeridae,animal,eperlano europeo
eulachon,eulachon,Thaleichthys pacificus,Osmeridae,animal,eulacón
ayu,ayu,Plecoglossus altivelis,Plecoglossidae,animal,
japanese-icefish,Japanese icefish (shirauo),Salangichthys microdon,Salangidae,animal,shirauo
taihu-icefish,Taihu icefish,Neosalanx taihuensis,Salangidae,animal,
inanga,inanga (whitebait),Galaxias maculatus,Galaxiidae,animal,whitebait;puye;inanga;whitebait chileno
bombay-duck,Bombay duck,Harpadon nehereus,Synodontidae,animal,pato de bombay;bombil;bummalo
brushtooth-lizardfish,brushtooth lizardfish,Saurida undosquamis,Synodontidae,animal,
john-dory,John Dory,Zeus faber,Zeidae,animal,pez de san pedro;gallo pedro;san pedro;gallopedro
deep-water-cape-hake,deep-water Cape hake,Merluccius paradoxus,Merlucciidae,animal,
shallow-water-cape-hake,shallow-water Cape hake,Merluccius capensis,Merlucciidae,animal,merluza del cabo
european-hake,European hake,Merluccius merluccius,Merlucciidae,animal,merluza europea;pescadilla;merluza de pincho
silver-hake,silver hake,Merluccius bilinearis,Merlucciidae,animal,
southern-hake,southern hake,Merluccius australis,Merlucciidae,animal,merluza austral;merluza del sur
argentine-hake,Argentine hake,Merluccius hubbsi,Merlucciidae,animal,merluza
pacific-hake,Pacific hake,Merluccius productus,Merlucciidae,animal,merluza del pacífico
white-hake,white hake,Urophycis tenuis,Phycidae,animal,brótola;locha blanca
red-hake,red hake,Urophycis chuss,Phycidae,animal,
cusk,cusk (tusk),Brosme brosme,Lotidae,animal,tusk;brosmio
ling,ling,Molva molva,Lotidae,animal,maruca
blue-ling,blue ling,Molva dypterygia,Lotidae,animal,
burbot,burbot,Lota lota,Lotidae,animal,lota
blue-whiting,blue whiting,Micromesistius poutassou,Gadidae,animal,bacaladilla;lirio;perlita
pouting,pouting,Trisopterus luscus,Gadidae,animal,faneca
saffron-cod,saffron cod,Eleginus gracilis,Gadidae,animal,
pollack,pollack,Pollachius pollachius,Gadidae,animal,abadejo
saithe,saithe (coley),Pollachius virens,Gadidae,animal,coley;carbonero;fogonero;saithe
haddock,haddock,Melanogrammus aeglefinus,Gadidae,animal,haddock;eglefino
whiting,whiting,Merlangius merlangus,Gadidae,animal,merlán;plegonero
polar-cod,polar cod,Boreogadus saida,Gadidae,animal,
alaska-pollock,Alaska pollock,Gadus chalcogrammus,Gadidae,animal,pollock;surimi;fish sticks;abadejo de alaska;colín de alaska;polaca;kanikama;kani;palitos de cangrejo;palitos de mar
atlantic-cod,Atlantic cod,Gadus morhua,Gadidae,animal,cod;bacalao;salt cod;kokotxas;cocochas;pil pil
pacific-cod,Pacific cod,Gadus macrocephalus,Gadidae,animal,bacalao del pacífico
hoki,hoki,Macruronus novaezelandiae,Merlucciidae,animal,hoki
patagonian-grenadier,Patagonian grenadier,Macruronus magellanicus,Merlucciidae,animal,merluza de cola;hoki patagónico
roundnose-grenadier,roundnose grenadier,Coryphaenoides rupestris,Macrouridae,animal,
opah,opah,Lampris guttatus,Lampridae,animal,opah;pez luna real;luna real
bigscale-soldierfish,bigscale soldierfish (menpachi),Myripristis berndti,Holocentridae,animal,menpachi
orange-roughy,orange roughy,Hoplostethus atlanticus,Trachichthyidae,animal,reloj anaranjado;pez reloj;orange roughy
alfonsino,alfonsino,Beryx decadactylus,Berycidae,animal,
splendid-alfonsino,splendid alfonsino,Beryx splendens,Berycidae,animal,besugo americano de altura;palometa roja
congrio-colorado,congrio colorado,Genypterus chilensis,Ophidiidae,animal,congrio
kingklip,kingklip,Genypterus capensis,Ophidiidae,animal,
pink-ling,pink ling (kingklip),Genypterus blacodes,Ophidiidae,animal,kingklip;congrio dorado
hogfish,hogfish,Lachnolaimus maximus,Labridae,animal,boquinete;pez perro;doncella de pluma
blackspot-tuskfish,blackspot tuskfish,Choerodon schoenleinii,Labridae,animal,
spanish-hogfish,Spanish hogfish,Bodianus rufus,Labridae,animal,vieja española;pez vieja
california-sheephead,California sheephead,Semicossyphus pulcher,Labridae,animal,vieja de california;sheephead
stoplight-parrotfish,stoplight parrotfish,Sparisoma viride,Scaridae,animal,loro
blue-barred-parrotfish,blue-barred parrotfish,Scarus ghobban,Scaridae,animal,loro barbazul;pez loro azul;cotorra de mar
tautog,tautog,Tautoga onitis,Labridae,animal,
ballan-wrasse,ballan wrasse,Labrus bergylta,Labridae,animal,maragota
west-australian-dhufish,West Australian dhufish,Glaucosoma hebraicum,Glaucosomatidae,animal,
yellow-goosefish,yellow goosefish (ankou),Lophius litulon,Lophiidae,animal,ankou
blackbellied-angler,blackbellied angler,Lophius budegassa,Lophiidae,animal,rape negro;rape rojizo
monkfish,monkfish,Lophius piscatorius,Lophiidae,animal,rape
american-angler,American angler,Lophius americanus,Lophiidae,animal,rape americano
queen-triggerfish,queen triggerfish,Balistes vetula,Balistidae,animal,pez puerco;cachúa
grey-triggerfish,grey triggerfish,Balistes capriscus,Balistidae,animal,pez ballesta;cochino gris;pejepuerco
thread-sail-filefish,thread-sail filefish (kawahagi),Stephanolepis cirrhifer,Monacanthidae,animal,kawahagi
unicorn-leatherjacket,unicorn leatherjacket,Aluterus monoceros,Monacanthidae,animal,
black-scraper,black scraper (umazurahagi),Thamnaconus modestus,Monacanthidae,animal,umazurahagi
fine-patterned-puffer,fine-patterned puffer,Takifugu poecilonotus,Tetraodontidae,animal,
tiger-puffer,tiger puffer (torafugu),Takifugu rubripes,Tetraodontidae,animal,torafugu;fugu;pez globo
spotted-scat,spotted scat,Scatophagus argus,Scatophagidae,animal,
atlantic-bigeye,Atlantic bigeye,Priacanthus arenatus,Priacanthidae,animal,catalufa;toro de ojo grande
mottled-spinefoot,mottled spinefoot,Siganus fuscescens,Siganidae,animal,
white-spotted-rabbitfish,white-spotted rabbitfish,Siganus canaliculatus,Siganidae,animal,
marbled-spinefoot,marbled spinefoot,Siganus rivulatus,Siganidae,animal,
golden-rabbitfish,golden rabbitfish,Siganus guttatus,Siganidae,animal,
atlantic-spadefish,Atlantic spadefish,Chaetodipterus faber,Ephippidae,animal,paguara;pámpano de mar;peje luna
spotted-sicklefish,spotted sicklefish,Drepane punctata,Drepaneidae,animal,
bluespine-unicornfish,bluespine unicornfish (kala),Naso unicornis,Acanthuridae,animal,kala
convict-tang,convict tang (manini),Acanthurus triostegus,Acanthuridae,animal,manini
corvina,corvina (Chile),Cilus gilberti,Sciaenidae,animal,corvina
shi-drum,shi drum,Umbrina cirrosa,Sciaenidae,animal,verrugato;corvallo
black-drum,black drum,Pogonias cromis,Sciaenidae,animal,corvina negra;tambor negro;tambor
red-drum,red drum,Sciaenops ocellatus,Sciaenidae,animal,corvina roja;tambor rojo;red drum;redfish
atlantic-croaker,Atlantic croaker,Micropogonias undulatus,Sciaenidae,animal,roncador;corvinilla
whitemouth-croaker,whitemouth croaker,Micropogonias furnieri,Sciaenidae,animal,corvina rubia;corvina blanca
white-seabass,white seabass,Atractoscion nobilis,Sciaenidae,animal,
weakfish,weakfish,Cynoscion regalis,Sciaenidae,animal,
spotted-seatrout,spotted seatrout,Cynoscion nebulosus,Sciaenidae,animal,corvina pinta;trucha de mar
pacific-corvina,Pacific corvina,Cynoscion squamipinnis,Sciaenidae,animal,corvina del pacífico;corvina aguada;corvina reina
cassava-croaker,cassava croaker,Pseudotolithus senegalensis,Sciaenidae,animal,
mulloway,mulloway (kob),Argyrosomus japonicus,Sciaenidae,animal,kob
meagre,meagre,Argyrosomus regius,Sciaenidae,animal,corvina europea;corvinón
brown-croaker,brown croaker,Miichthys miiuy,Sciaenidae,animal,
small-yellow-croaker,small yellow croaker,Larimichthys polyactis,Sciaenidae,animal,
large-yellow-croaker,large yellow croaker,Larimichthys crocea,Sciaenidae,animal,corvina amarilla
silver-croaker,silver croaker,Pennahia argentata,Sciaenidae,animal,
tigertooth-croaker,tigertooth croaker,Otolithes ruber,Sciaenidae,animal,
golden-tilefish,golden tilefish,Lopholatilus chamaeleonticeps,Malacanthidae,animal,
horsehead-tilefish,horsehead tilefish (amadai),Branchiostegus japonicus,Malacanthidae,animal,amadai
humpnose-big-eye-bream,humpnose big-eye bream,Monotaxis grandoculis,Lethrinidae,animal,
trumpet-emperor,trumpet emperor,Lethrinus miniatus,Lethrinidae,animal,
longface-emperor,longface emperor,Lethrinus olivaceus,Lethrinidae,animal,
spangled-emperor,spangled emperor,Lethrinus nebulosus,Lethrinidae,animal,
whitecheek-monocle-bream,whitecheek monocle bream,Scolopsis vosmeri,Nemipteridae,animal,
japanese-threadfin-bream,Japanese threadfin bream,Nemipterus japonicus,Nemipteridae,animal,
golden-threadfin-bream,golden threadfin bream,Nemipterus virgatus,Nemipteridae,animal,
jolthead-porgy,jolthead porgy,Calamus bajonado,Sparidae,animal,pluma
red-steenbras,red steenbras,Petrus rupestris,Sparidae,animal,
roman,roman,Chrysoblephus laticeps,Sparidae,animal,
king-soldier-bream,king soldier bream,Argyrops spinifer,Sparidae,animal,
australasian-snapper,Australasian snapper,Chrysophrys auratus,Sparidae,animal,pargo australiano;dorada australiana
gilthead-sea-bream,gilthead sea bream,Sparus aurata,Sparidae,animal,dorada
yellowback-sea-bream,yellowback sea bream,Evynnis tumifrons,Sparidae,animal,
red-sea-bream,red sea bream (madai),Pagrus major,Sparidae,animal,madai;pargo japonés;besugo japonés
red-porgy,red porgy,Pagrus pagrus,Sparidae,animal,pargo europeo;bocinegro;besugo americano;pargo besugo
common-pandora,common pandora,Pagellus erythrinus,Sparidae,animal,breca;pagel
common-dentex,common dentex,Dentex dentex,Sparidae,animal,dentón
pink-dentex,pink dentex,Dentex gibbosus,Sparidae,animal,
sheepshead,sheepshead,Archosargus probatocephalus,Sparidae,animal,sargo chopa;chopa blanca;sargo americano
scup,scup,Stenotomus chrysops,Sparidae,animal,sargo escup;scup;pargo escup
black-sea-bream,black sea bream,Spondyliosoma cantharus,Sparidae,animal,chopa;pargo chopa
salema,salema,Sarpa salpa,Sparidae,animal,salema;salpa
bogue,bogue,Boops boops,Sparidae,animal,boga
blackspot-sea-bream,blackspot sea bream,Pagellus bogaraveo,Sparidae,animal,besugo;voraz
axillary-sea-bream,axillary sea bream,Pagellus acarne,Sparidae,animal,aligote;besugo blanco
sand-steenbras,sand steenbras,Lithognathus mormyrus,Sparidae,animal,herrera;mabra
goldlined-sea-bream,goldlined sea bream,Rhabdosargus sarba,Sparidae,animal,
picnic-sea-bream,picnic sea bream,Acanthopagrus berda,Sparidae,animal,
yellowfin-sea-bream,yellowfin sea bream,Acanthopagrus latus,Sparidae,animal,
blackhead-sea-bream,blackhead sea bream (kurodai),Acanthopagrus schlegelii,Sparidae,animal,kurodai
two-banded-sea-bream,two-banded sea bream,Diplodus vulgaris,Sparidae,animal,mojarra sargo;sargo mojarra;vidriada
annular-sea-bream,annular sea bream,Diplodus annularis,Sparidae,animal,raspallón;esparrallón
white-sea-bream,white sea bream,Diplodus sargus,Sparidae,animal,sargo
tripletail,tripletail,Lobotes surinamensis,Lobotidae,animal,dormilona;berrugate
common-ponyfish,common ponyfish,Leiognathus equulus,Leiognathidae,animal,
cape-bonnetmouth,Cape bonnetmouth (redbait),Emmelichthys nitidus,Emmelichthyidae,animal,redbait
green-jobfish,green jobfish (uku),Aprion virescens,Lutjanidae,animal,uku
ruby-snapper,ruby snapper (ehu),Etelis carbunculus,Lutjanidae,animal,ehu
deepwater-longtail-red-snapper,deepwater longtail red snapper (onaga),Etelis coruscans,Lutjanidae,animal,onaga
crimson-jobfish,crimson jobfish (opakapaka),Pristipomoides filamentosus,Lutjanidae,animal,opakapaka
redbelly-yellowtail-fusilier,redbelly yellowtail fusilier,Caesio cuning,Caesionidae,animal,
malabar-blood-snapper,Malabar blood snapper,Lutjanus malabaricus,Lutjanidae,animal,
grey-snapper,grey snapper,Lutjanus griseus,Lutjanidae,animal,pargo gris;pargo prieto;pargo mangle;pargo dientón
mangrove-red-snapper,mangrove red snapper,Lutjanus argentimaculatus,Lutjanidae,animal,pargo de manglar
mutton-snapper,mutton snapper,Lutjanus analis,Lutjanidae,animal,pargo criollo;pargo mulato;pargo cebal
lane-snapper,lane snapper,Lutjanus synagris,Lutjanidae,animal,pargo biajaiba;biajaiba;pargo rayado
yellowtail-snapper,yellowtail snapper,Ocyurus chrysurus,Lutjanidae,animal,rabirrubia;pargo rabirrubia;rubia de mar
vermilion-snapper,vermilion snapper,Rhomboplites aurorubens,Lutjanidae,animal,pargo cunaro;cunaro;rubia
southern-red-snapper,southern red snapper,Lutjanus purpureus,Lutjanidae,animal,pargo del caribe;pargo colorado;pargo rojo del sur
northern-red-snapper,northern red snapper,Lutjanus campechanus,Lutjanidae,animal,huachinango;pargo;chillo;guachinango
johns-snapper,John's snapper,Lutjanus johnii,Lutjanidae,animal,
bluestripe-snapper,bluestripe snapper (ta'ape),Lutjanus kasmira,Lutjanidae,animal,ta'ape
two-spot-red-snapper,two-spot red snapper,Lutjanus bohar,Lutjanidae,animal,
chicken-grunt,chicken grunt (isaki),Parapristipoma trilineatum,Haemulidae,animal,isaki
brown-sweetlips,brown sweetlips,Plectorhinchus gibbosus,Haemulidae,animal,
spotted-grunter,spotted grunter,Pomadasys commersonnii,Haemulidae,animal,
porkfish,porkfish,Anisotremus virginicus,Haemulidae,animal,catalineta;burro catalina
white-grunt,white grunt,Haemulon plumierii,Haemulidae,animal,ronco
european-sea-bass,European sea bass (branzino),Dicentrarchus labrax,Moronidae,animal,branzino;sea bass;lubina
white-bass,white bass,Morone chrysops,Moronidae,animal,
striped-bass,striped bass,Morone saxatilis,Moronidae,animal,lubina rayada;róbalo rayado;lobina rayada
white-perch,white perch,Morone americana,Moronidae,animal,
king-george-whiting,King George whiting,Sillaginodes punctatus,Sillaginidae,animal,
silver-sillago,silver sillago,Sillago sihama,Sillaginidae,animal,
common-silver-biddy,common silver-biddy,Gerres oyena,Gerreidae,animal,
japanese-stargazer,Japanese stargazer,Uranoscopus japonicus,Uranoscopidae,animal,
lesser-sand-eel,lesser sand eel,Ammodytes marinus,Ammodytidae,animal,
pacific-sand-lance,Pacific sand lance (ikanago),Ammodytes personatus,Ammodytidae,animal,ikanago
wreckfish,wreckfish,Polyprion americanus,Polyprionidae,animal,cherna de fondo;cherne;mero chernia
japanese-sea-bass,Japanese sea bass (suzuki),Lateolabrax japonicus,Lateolabracidae,animal,suzuki
pelagic-armourhead,pelagic armourhead,Pseudopentaceros wheeleri,Pentacerotidae,animal,
blackthroat-seaperch,blackthroat seaperch (nodoguro),Doederleinia berycoides,Acropomatidae,animal,nodoguro
barred-knifejaw,barred knifejaw (ishidai),Oplegnathus fasciatus,Oplegnathidae,animal,ishidai
bermuda-chub,Bermuda chub,Kyphosus sectatrix,Kyphosidae,animal,chopa negra;chopa de bermuda
silver-sweep,silver sweep,Scorpis lineolata,Kyphosidae,animal,
largescale-blackfish,largescale blackfish (mejina),Girella punctata,Kyphosidae,animal,mejina
hawaiian-flagtail,Hawaiian flagtail (aholehole),Kuhlia sandvicensis,Kuhliidae,animal,aholehole
jarbua-terapon,jarbua terapon,Terapon jarbua,Terapontidae,animal,
striped-trumpeter,striped trumpeter,Latris lineata,Latridae,animal,
tarakihi,tarakihi,Nemadactylus macropterus,Latridae,animal,
murray-cod,Murray cod,Maccullochella peelii,Percichthyidae,animal,
patagonian-perch,Patagonian perch,Percichthys trucha,Percichthyidae,animal,perca criolla;trucha criolla;perca patagónica
golden-perch,golden perch,Macquaria ambigua,Percichthyidae,animal,
mandarin-fish,mandarin fish,Siniperca chuatsi,Sinipercidae,animal,
black-crappie,black crappie,Pomoxis nigromaculatus,Centrarchidae,animal,mojarra negra americana;crappie
largemouth-bass,largemouth bass,Micropterus salmoides,Centrarchidae,animal,lobina;perca americana;black bass;róbalo de agua dulce
smallmouth-bass,smallmouth bass,Micropterus dolomieu,Centrarchidae,animal,lobina de boca chica;lobina boca pequeña
bluegill,bluegill,Lepomis macrochirus,Centrarchidae,animal,mojarra de agalla azul;pez sol;mojarra americana
greater-weever,greater weever,Trachinus draco,Trachinidae,animal,araña;escorpión de mar
european-perch,European perch,Perca fluviatilis,Percidae,animal,perca
yellow-perch,yellow perch,Perca flavescens,Percidae,animal,perca amarilla
sauger,sauger,Sander canadensis,Percidae,animal,
walleye,walleye,Sander vitreus,Percidae,animal,lucioperca americana;walleye
zander,zander,Sander lucioperca,Percidae,animal,lucioperca
patagonian-blenny,Patagonian blenny (róbalo),Eleginops maclovinus,Eleginopidae,animal,róbalo;róbalo chileno;robalo patagónico;róbalo de chile
antarctic-toothfish,Antarctic toothfish,Dissostichus mawsoni,Nototheniidae,animal,
patagonian-toothfish,Patagonian toothfish,Dissostichus eleginoides,Nototheniidae,animal,merluza negra;bacalao de profundidad;bacalao austral;bacalao chileno;mero chileno;bacalao patagónico
marbled-rockcod,marbled rockcod,Notothenia rossii,Nototheniidae,animal,
mackerel-icefish,mackerel icefish,Champsocephalus gunnari,Channichthyidae,animal,
comber,comber,Serranus cabrilla,Serranidae,animal,cabrilla
coral-trout,coral trout,Plectropomus leopardus,Serranidae,animal,
coral-hind,coral hind,Cephalopholis miniata,Serranidae,animal,
dusky-grouper,dusky grouper,Epinephelus marginatus,Serranidae,animal,mero;cherna
gag,gag,Mycteroperca microlepis,Serranidae,animal,mero gag;cuna aguají;aguají
black-grouper,black grouper,Mycteroperca bonaci,Serranidae,animal,mero negro;bonací;abadejo negro
warsaw-grouper,Warsaw grouper,Hyporthodus nigritus,Serranidae,animal,
white-grouper,white grouper,Epinephelus aeneus,Serranidae,animal,cherna de ley;mero blanco
brown-marbled-grouper,brown-marbled grouper,Epinephelus fuscoguttatus,Serranidae,animal,
orange-spotted-grouper,orange-spotted grouper,Epinephelus coioides,Serranidae,animal,
malabar-grouper,Malabar grouper,Epinephelus malabaricus,Serranidae,animal,
giant-grouper,giant grouper,Epinephelus lanceolatus,Serranidae,animal,
nassau-grouper,Nassau grouper,Epinephelus striatus,Serranidae,animal,cherna criolla;mero de nassau
red-grouper,red grouper,Epinephelus morio,Serranidae,animal,mero rojo;cherna americana;mero del golfo
bartail-flathead,bartail flathead,Platycephalus indicus,Platycephalidae,animal,
black-scorpionfish,black scorpionfish,Scorpaena porcus,Scorpaenidae,animal,rascacio negro;escórpora negra
red-scorpionfish,red scorpionfish (rascasse),Scorpaena scrofa,Scorpaenidae,animal,rascasse;cabracho;escorpora;rascacio;gallineta de roca
red-lionfish,red lionfish,Pterois volitans,Scorpaenidae,animal,pez león
shortspine-thornyhead,shortspine thornyhead,Sebastolobus alascanus,Sebastidae,animal,
blackbelly-rosefish,blackbelly rosefish,Helicolenus dactylopterus,Sebastidae,animal,cabra de altura
japanese-rockfish,Japanese rockfish (mebaru),Sebastes inermis,Sebastidae,animal,mebaru
korean-rockfish,Korean rockfish (jopi-bolrak),Sebastes schlegelii,Sebastidae,animal,jopi-bolrak
pacific-ocean-perch,Pacific ocean perch,Sebastes alutus,Sebastidae,animal,perca del pacífico;gallineta del pacífico
beaked-redfish,beaked redfish,Sebastes mentella,Sebastidae,animal,gallineta de canadá;gallineta de profundidad
golden-redfish,golden redfish,Sebastes norvegicus,Sebastidae,animal,gallineta nórdica;gallineta dorada
yellowtail-rockfish,yellowtail rockfish,Sebastes flavidus,Sebastidae,animal,
black-rockfish,black rockfish,Sebastes melanops,Sebastidae,animal,
northern-searobin,northern searobin,Prionotus carolinus,Triglidae,animal,
tub-gurnard,tub gurnard,Chelidonichthys lucerna,Triglidae,animal,bejel;rubio;perlón
grey-gurnard,grey gurnard,Eutrigla gurnardus,Triglidae,animal,borracho;rubio gris
sablefish,sablefish,Anoplopoma fimbria,Anoplopomatidae,animal,bacalao negro;pez mantequilla;sablefish
wolf-eel,wolf eel,Anarrhichthys ocellatus,Anarhichadidae,animal,
spotted-wolffish,spotted wolffish,Anarhichas minor,Anarhichadidae,animal,
atlantic-wolffish,Atlantic wolffish,Anarhichas lupus,Anarhichadidae,animal,
ocean-pout,ocean pout,Zoarces americanus,Zoarcidae,animal,
lingcod,lingcod,Ophiodon elongatus,Hexagrammidae,animal,bacalao largo;lingcod
okhotsk-atka-mackerel,Okhotsk atka mackerel (hokke),Pleurogrammus azonus,Hexagrammidae,animal,hokke
fat-greenling,fat greenling (ainame),Hexagrammos otakii,Hexagrammidae,animal,ainame
lumpfish,lumpfish (roe),Cyclopterus lumpus,Cyclopteridae,animal,lumpo;caviar de lumpo;sucedáneo de caviar
cabezon,cabezon,Scorpaenichthys marmoratus,Cottidae,animal,
pejesapo,pejesapo,Sicyases sanguineus,Gobiesocidae,animal,pejesapo
bluefish,bluefish,Pomatomus saltatrix,Pomatomidae,animal,anchoa de banco;anjova;anchova;anchoa grande
escolar,escolar,Lepidocybium flavobrunneum,Gempylidae,animal,escolar;pez mantequilla escolar
australian-salmon,Australian salmon (kahawai),Arripis trutta,Arripidae,animal,kahawai
australian-herring,Australian herring,Arripis georgianus,Arripidae,animal,
bluenose-warehou,bluenose warehou,Hyperoglyphe antarctica,Centrolophidae,animal,
silver-warehou,silver warehou,Seriolella punctata,Centrolophidae,animal,
blue-warehou,blue warehou,Seriolella brama,Centrolophidae,animal,
oilfish,oilfish,Ruvettus pretiosus,Gempylidae,animal,escolar clavo;pez aceite;escolar negro
gemfish,gemfish,Rexea solandri,Gempylidae,animal,
snoek,snoek,Thyrsites atun,Gempylidae,animal,
black-scabbardfish,black scabbardfish,Aphanopus carbo,Trichiuridae,animal,pez espada negro;sable negro;espada preta
silver-scabbardfish,silver scabbardfish,Lepidopus caudatus,Trichiuridae,animal,pez cinto plateado;sable plateado
largehead-hairtail,largehead hairtail,Trichiurus lepturus,Trichiuridae,animal,pez sable;pez cinto;sable;espada de mar
atlantic-pomfret,Atlantic pomfret,Brama brama,Bramidae,animal,palometa negra;japuta;castañeta;reineta
butterfish,butterfish,Peprilus triacanthus,Stromateidae,animal,palometa americana;pámpano americano;butterfish
silver-pomfret,silver pomfret,Pampus argenteus,Stromateidae,animal,pámpano plateado;palometa china;pomfret
chinese-pomfret,Chinese pomfret,Pampus chinensis,Stromateidae,animal,
dogtooth-tuna,dogtooth tuna,Gymnosarda unicolor,Scombridae,animal,
wahoo,wahoo,Acanthocybium solandri,Scombridae,animal,wahoo;peto negro;guaho
atlantic-bonito,Atlantic bonito,Sarda sarda,Scombridae,animal,bonito del atlántico;bonito atlántico
pacific-bonito,Pacific bonito,Sarda chiliensis,Scombridae,animal,bonito del pacífico;bonito chileno;bonito peruano
striped-bonito,striped bonito,Sarda orientalis,Scombridae,animal,
little-tunny,little tunny,Euthynnus alletteratus,Scombridae,animal,bacoreta
kawakawa,kawakawa,Euthynnus affinis,Scombridae,animal,
skipjack,skipjack (katsuo),Katsuwonus pelamis,Scombridae,animal,katsuo;bonito flakes;katsuobushi;bonito;barrilete;listado;ventresca;marmitako
bullet-tuna,bullet tuna,Auxis rochei,Scombridae,animal,
frigate-tuna,frigate tuna,Auxis thazard,Scombridae,animal,melva
blackfin-tuna,blackfin tuna,Thunnus atlanticus,Scombridae,animal,
longtail-tuna,longtail tuna,Thunnus tonggol,Scombridae,animal,
bigeye-tuna,bigeye tuna,Thunnus obesus,Scombridae,animal,patudo;atún ojo grande
yellowfin-tuna,yellowfin tuna,Thunnus albacares,Scombridae,animal,tuna;canned tuna;tuna steak;ahi;atún;rabil
albacore,albacore,Thunnus alalunga,Scombridae,animal,atún blanco;bonito del norte;albacora del norte
southern-bluefin-tuna,southern bluefin tuna,Thunnus maccoyii,Scombridae,animal,
atlantic-bluefin-tuna,Atlantic bluefin tuna,Thunnus thynnus,Scombridae,animal,bluefin;atún rojo;atún aleta azul;cimarrón
pacific-bluefin-tuna,Pacific bluefin tuna,Thunnus orientalis,Scombridae,animal,
indian-mackerel,Indian mackerel,Rastrelliger kanagurta,Scombridae,animal,
short-mackerel,short mackerel,Rastrelliger brachysoma,Scombridae,animal,
atlantic-mackerel,Atlantic mackerel,Scomber scombrus,Scombridae,animal,mackerel;saba;caballa del atlántico;verdel;xarda;sarda
atlantic-chub-mackerel,Atlantic chub mackerel,Scomber colias,Scombridae,animal,estornino
chub-mackerel,chub mackerel (saba),Scomber japonicus,Scombridae,animal,saba;caballa;macarela
blue-mackerel,blue mackerel,Scomber australasicus,Scombridae,animal,
king-mackerel,king mackerel,Scomberomorus cavalla,Scombridae,animal,carite;peto;sierra del atlántico;macarela rey
pacific-sierra,Pacific sierra,Scomberomorus sierra,Scombridae,animal,sierra
cero,cero,Scomberomorus regalis,Scombridae,animal,carite chinigua;pintada de mar
atlantic-spanish-mackerel,Atlantic Spanish mackerel,Scomberomorus maculatus,Scombridae,animal,sierra pintada;carite pintado
narrow-barred-spanish-mackerel,narrow-barred Spanish mackerel,Scomberomorus commerson,Scombridae,animal,
japanese-spanish-mackerel,Japanese Spanish mackerel (sawara),Scomberomorus niphonius,Scombridae,animal,sawara
indo-pacific-king-mackerel,Indo-Pacific king mackerel,Scomberomorus guttatus,Scombridae,animal,
goldband-goatfish,goldband goatfish,Upeneus moluccensis,Mullidae,animal,
striped-red-mullet,striped red mullet,Mullus surmuletus,Mullidae,animal,salmonete
red-mullet,red mullet,Mullus barbatus,Mullidae,animal,salmonete de fango
manybar-goatfish,manybar goatfish (moano),Parupeneus multifasciatus,Mullidae,animal,moano
marble-goby,marble goby,Oxyeleotris marmorata,Butidae,animal,
yellowfin-goby,yellowfin goby (haze),Acanthogobius flavimanus,Gobiidae,animal,haze
great-blue-spotted-mudskipper,great blue-spotted mudskipper,Boleophthalmus pectinirostris,Oxudercidae,animal,
red-tailed-goby,red-tailed goby (fry: bichique),Sicyopterus lagocephalus,Oxudercidae,animal,fry: bichique
tank-goby,tank goby,Glossogobius giuris,Gobiidae,animal,
dusky-frillgoby,dusky frillgoby,Bathygobius fuscus,Gobiidae,animal,
asian-swamp-eel,Asian swamp eel,Monopterus albus,Synbranchidae,animal,anguila de arrozal;anguila asiática de pantano
zig-zag-eel,zig-zag eel,Mastacembelus armatus,Mastacembelidae,animal,
malabar-leaffish,Malabar leaffish,Pristolepis marginata,Pristolepididae,animal,
african-snakehead,African snakehead,Parachanna obscura,Channidae,animal,
giant-snakehead,giant snakehead,Channa micropeltes,Channidae,animal,
northern-snakehead,northern snakehead,Channa argus,Channidae,animal,
blotched-snakehead,blotched snakehead,Channa maculata,Channidae,animal,
striped-snakehead,striped snakehead,Channa striata,Channidae,animal,pez cabeza de serpiente;cabeza de serpiente
kissing-gourami,kissing gourami,Helostoma temminckii,Helostomatidae,animal,
climbing-perch,climbing perch,Anabas testudineus,Anabantidae,animal,
giant-gourami,giant gourami,Osphronemus goramy,Osphronemidae,animal,
snakeskin-gourami,snakeskin gourami,Trichopodus pectoralis,Osphronemidae,animal,
akame,akame,Lates japonicus,Latidae,animal,
barramundi,barramundi,Lates calcarifer,Latidae,animal,barramundi;perca gigante
nile-perch,Nile perch,Lates niloticus,Latidae,animal,perca del nilo
six-finger-threadfin,six-finger threadfin (moi),Polydactylus sexfilis,Polynemidae,animal,moi
fourfinger-threadfin,fourfinger threadfin,Eleutheronema tetradactylum,Polynemidae,animal,
moonfish,moonfish,Mene maculata,Menidae,animal,
swordfish,swordfish,Xiphias gladius,Xiphiidae,animal,swordfish;pez espada;albacora;emperador
striped-marlin,striped marlin,Kajikia audax,Istiophoridae,animal,marlín rayado;marlín listado
white-marlin,white marlin,Kajikia albida,Istiophoridae,animal,
indo-pacific-sailfish,Indo-Pacific sailfish,Istiophorus platypterus,Istiophoridae,animal,pez vela
blue-marlin,blue marlin,Makaira nigricans,Istiophoridae,animal,marlín;aguja azul
cobia,cobia,Rachycentron canadum,Rachycentridae,animal,cobia;bacalao de arena;esmedregal
mahi-mahi,mahi-mahi,Coryphaena hippurus,Coryphaenidae,animal,mahi-mahi;dorado;dolphinfish;mahi mahi;lampuga;llampuga
leerfish,leerfish,Lichia amia,Carangidae,animal,palometón;lirio de mar
pompano,pompano (Mediterranean),Trachinotus ovatus,Carangidae,animal,
florida-pompano,Florida pompano,Trachinotus carolinus,Carangidae,animal,pámpano
permit,permit,Trachinotus falcatus,Carangidae,animal,palometa pompano;permit
snubnose-pompano,snubnose pompano,Trachinotus blochii,Carangidae,animal,
rainbow-runner,rainbow runner,Elagatis bipinnulata,Carangidae,animal,salmón de mar;macarela salmón
greater-amberjack,greater amberjack,Seriola dumerili,Carangidae,animal,medregal coronado;coronado;lecha
almaco-jack,almaco jack (kampachi),Seriola rivoliana,Carangidae,animal,kampachi;fortuno;almaco
yellowtail-kingfish,yellowtail kingfish,Seriola lalandi,Carangidae,animal,palometa;pez limón;serviola;medregal;vidriola;hiramasa;kingfish
japanese-amberjack,Japanese amberjack (buri/hamachi),Seriola quinqueradiata,Carangidae,animal,hamachi);buri/hamachi;buri;hamachi;medregal japonés
white-trevally,white trevally,Pseudocaranx dentex,Carangidae,animal,
mackerel-scad,mackerel scad,Decapterus macarellus,Carangidae,animal,
bigeye-scad,bigeye scad (akule),Selar crumenophthalmus,Carangidae,animal,akule
japanese-jack-mackerel,Japanese jack mackerel (aji),Trachurus japonicus,Carangidae,animal,
mediterranean-horse-mackerel,Mediterranean horse mackerel,Trachurus mediterraneus,Carangidae,animal,
atlantic-horse-mackerel,Atlantic horse mackerel,Trachurus trachurus,Carangidae,animal,jurel europeo;chicharro
chilean-jack-mackerel,Chilean jack mackerel,Trachurus murphyi,Carangidae,animal,jurel
pacific-jack-mackerel,Pacific jack mackerel,Trachurus symmetricus,Carangidae,animal,charrito
african-pompano,African pompano,Alectis ciliaris,Carangidae,animal,
torpedo-scad,torpedo scad,Megalaspis cordyla,Carangidae,animal,
crevalle-jack,crevalle jack,Caranx hippos,Carangidae,animal,jurel común;jurel toro;toro;cojinúa
bluefin-trevally,bluefin trevally,Caranx melampygus,Carangidae,animal,
giant-trevally,giant trevally,Caranx ignobilis,Carangidae,animal,
blue-runner,blue runner,Caranx crysos,Carangidae,animal,cojinúa negra;jurel negro
great-barracuda,great barracuda,Sphyraena barracuda,Sphyraenidae,animal,barracuda;picuda;picúa
pickhandle-barracuda,pickhandle barracuda,Sphyraena jello,Sphyraenidae,animal,
european-barracuda,European barracuda,Sphyraena sphyraena,Sphyraenidae,animal,espetón
indian-spiny-turbot,Indian spiny turbot,Psettodes erumei,Psettodidae,animal,
new-zealand-turbot,New Zealand turbot,Colistium nudipinnis,Rhombosoleidae,animal,
sand-flounder,sand flounder (NZ),Rhombosolea plebeia,Rhombosoleidae,animal,
arrowtooth-flounder,arrowtooth flounder,Atheresthes stomias,Pleuronectidae,animal,
largetooth-flounder,largetooth flounder,Pseudorhombus arsius,Paralichthyidae,animal,
southern-flounder,southern flounder,Paralichthys lethostigma,Paralichthyidae,animal,
summer-flounder,summer flounder (fluke),Paralichthys dentatus,Paralichthyidae,animal,fluke;lenguado de verano
olive-flounder,olive flounder (hirame),Paralichthys olivaceus,Paralichthyidae,animal,hirame;lenguado japonés
california-halibut,California halibut,Paralichthys californicus,Paralichthyidae,animal,lenguado de california;halibut de california
spotted-halibut,spotted halibut (hoshigarei),Verasper variegatus,Pleuronectidae,animal,hoshigarei
pacific-halibut,Pacific halibut,Hippoglossus stenolepis,Pleuronectidae,animal,fletán del pacífico;halibut del pacífico
atlantic-halibut,Atlantic halibut,Hippoglossus hippoglossus,Pleuronectidae,animal,halibut;flounder;fletán;hipogloso
petrale-sole,petrale sole,Eopsetta jordani,Pleuronectidae,animal,
greenland-halibut,Greenland halibut,Reinhardtius hippoglossoides,Pleuronectidae,animal,fletán negro;halibut de groenlandia;fletán de groenlandia
rex-sole,rex sole,Glyptocephalus zachirus,Pleuronectidae,animal,
witch-flounder,witch flounder,Glyptocephalus cynoglossus,Pleuronectidae,animal,
lemon-sole,lemon sole,Microstomus kitt,Pleuronectidae,animal,mendo limón;lenguado limón
pacific-dover-sole,Pacific Dover sole,Microstomus pacificus,Pleuronectidae,animal,
american-plaice,American plaice,Hippoglossoides platessoides,Pleuronectidae,animal,
yellowfin-sole,yellowfin sole,Limanda aspera,Pleuronectidae,animal,
dab,dab,Limanda limanda,Pleuronectidae,animal,limanda
winter-flounder,winter flounder,Pseudopleuronectes americanus,Pleuronectidae,animal,
english-sole,English sole,Parophrys vetulus,Pleuronectidae,animal,
rock-sole,rock sole,Lepidopsetta bilineata,Pleuronectidae,animal,
yellowtail-flounder,yellowtail flounder,Limanda ferruginea,Pleuronectidae,animal,
european-plaice,European plaice,Pleuronectes platessa,Pleuronectidae,animal,solla;platija
stone-flounder,stone flounder,Kareius bicoloratus,Pleuronectidae,animal,
starry-flounder,starry flounder,Platichthys stellatus,Pleuronectidae,animal,
european-flounder,European flounder,Platichthys flesus,Pleuronectidae,animal,platija europea;platija de río
brill,brill,Scophthalmus rhombus,Scophthalmidae,animal,rémol;corujo
turbot,turbot,Scophthalmus maximus,Scophthalmidae,animal,rodaballo
megrim,megrim,Lepidorhombus whiffiagonis,Scophthalmidae,animal,gallo
tongue-sole,tongue sole,Cynoglossus semilaevis,Cynoglossidae,animal,
wedge-sole,wedge sole,Dicologlossa cuneata,Soleidae,animal,acedía
sand-sole,sand sole,Pegusa lascaris,Soleidae,animal,lenguado de arena;sortija
common-sole,common sole (Dover sole),Solea solea,Soleidae,animal,Dover sole;sole;lenguado
senegalese-sole,Senegalese sole,Solea senegalensis,Soleidae,animal,lenguado senegalés;acedía senegalesa
flathead-grey-mullet,flathead grey mullet (bottarga),Mugil cephalus,Mugilidae,animal,bottarga;lisa;mújol;mugil;lebrancho;cabezudo;botarga
white-mullet,white mullet,Mugil curema,Mugilidae,animal,lisa blanca;lisa criolla;liseta
thicklip-grey-mullet,thicklip grey mullet,Chelon labrosus,Mugilidae,animal,lisa negra;corcón
redlip-mullet,redlip mullet,Planiliza haematocheila,Mugilidae,animal,
speckled-pavon,speckled pavon,Cichla temensis,Cichlidae,animal,pavón pintado;tucunaré pintado
butterfly-peacock-bass,butterfly peacock bass,Cichla ocellaris,Cichlidae,animal,tucunaré
oscar,oscar,Astronotus ocellatus,Cichlidae,animal,acarahuazú;oscar
banded-jewelfish,banded jewelfish,Hemichromis fasciatus,Cichlidae,animal,
blackchin-tilapia,blackchin tilapia,Sarotherodon melanotheron,Cichlidae,animal,
mango-tilapia,mango tilapia,Sarotherodon galilaeus,Cichlidae,animal,
blue-tilapia,blue tilapia,Oreochromis aureus,Cichlidae,animal,tilapia azul
nile-tilapia,Nile tilapia,Oreochromis niloticus,Cichlidae,animal,tilapia;mojarra
mozambique-tilapia,Mozambique tilapia,Oreochromis mossambicus,Cichlidae,animal,tilapia mozambique
three-spotted-tilapia,three-spotted tilapia,Oreochromis andersonii,Cichlidae,animal,
redbelly-tilapia,redbelly tilapia,Coptodon zillii,Cichlidae,animal,
redbreast-tilapia,redbreast tilapia,Coptodon rendalli,Cichlidae,animal,
giant-cichlid,giant cichlid,Boulengerochromis microlepis,Cichlidae,animal,
pejerrey,pejerrey,Odontesthes bonariensis,Atherinopsidae,animal,pejerrey
atlantic-silverside,Atlantic silverside,Menidia menidia,Atherinopsidae,animal,
charal,charal,Chirostoma humboldtianum,Atherinopsidae,animal,charal;pescado blanco
big-scale-sand-smelt,big-scale sand smelt,Atherina boyeri,Atherinidae,animal,
medaka,medaka (historically eaten),Oryzias latipes,Adrianichthyidae,animal,historically eaten
pacific-saury,Pacific saury (sanma),Cololabis saira,Scomberesocidae,animal,sanma;paparda
atlantic-saury,Atlantic saury,Scomberesox saurus,Scomberesocidae,animal,paparda del atlántico
garfish,garfish,Belone belone,Belonidae,animal,aguja;agujón
ballyhoo,ballyhoo,Hemiramphus brasiliensis,Hemiramphidae,animal,balajú;ballyhoo;agujeta
yellowwing-flyingfish,yellowwing flyingfish (tobiko),Cypselurus poecilopterus,Exocoetidae,animal,tobiko;pez volador amarillo;huevas de pez volador
japanese-flying-fish,Japanese flying fish (tobiuo),Cheilopogon agoo,Exocoetidae,animal,tobiuo;pez volador
shortfin-mako,shortfin mako,Isurus oxyrinchus,Lamnidae,animal,marrajo;mako;tiburón mako
porbeagle,porbeagle,Lamna nasus,Lamnidae,animal,marrajo sardinero;cailón
blue-shark,blue shark,Prionace glauca,Carcharhinidae,animal,tiburón azul;tintorera;tiburón;cazón de tintorera
dusky-smoothhound,dusky smoothhound,Mustelus canis,Triakidae,animal,cazón perro;musola dentuda;cazón de ley americano
smoothhound,smoothhound,Mustelus mustelus,Triakidae,animal,musola;cazón común;tollo de cachos
tope-shark,tope / school shark,Galeorhinus galeus,Triakidae,animal,school shark;cazón vitamínico;tiburón vitamínico;tollo vitamínico;cazón de ley
small-spotted-catshark,small-spotted catshark,Scyliorhinus canicula,Scyliorhinidae,animal,pintarroja;gata;lija
spiny-dogfish,spiny dogfish,Squalus acanthias,Squalidae,animal,dogfish;shark;rock salmon;cazón;mielga;tollo;galludo
whitespotted-whipray,whitespotted whipray,Maculabatis gerrardi,Dasyatidae,animal,
big-skate,big skate,Beringraja binoculata,Rajidae,animal,
thorny-skate,thorny skate,Amblyraja radiata,Rajidae,animal,raya radiante;raya espinosa
little-skate,little skate,Leucoraja erinacea,Rajidae,animal,
thornback-ray,thornback ray,Raja clavata,Rajidae,animal,raya;raya de clavos
rabbitfish,rabbitfish (chimaera),Chimaera monstrosa,Chimaeridae,animal,
elephant-fish,elephant fish,Callorhinchus milii,Callorhinchidae,animal,
pacific-hagfish,Pacific hagfish,Eptatretus stoutii,Myxinidae,animal,
inshore-hagfish,inshore hagfish (kkomjangeo),Eptatretus burgeri,Myxinidae,animal,kkomjangeo
pouched-lamprey,pouched lamprey,Geotria australis,Geotriidae,animal,
pacific-lamprey,Pacific lamprey,Entosphenus tridentatus,Petromyzontidae,animal,
arctic-lamprey,Arctic lamprey,Lethenteron camtschaticum,Petromyzontidae,animal,
river-lamprey,river lamprey,Lampetra fluviatilis,Petromyzontidae,animal,lamprea de río
sea-lamprey,sea lamprey,Petromyzon marinus,Petromyzontidae,animal,lamprey;lamprea
mideodeok,mideodeok,Styela clava,Styelidae,animal,mideodeok;tunicado coreano
violet,violet (sea fig),Microcosmus sabatieri,Pyuridae,animal,sea fig;violeta;higo de mar;violet
piure,piure,Pyura chilensis,Pyuridae,animal,piure;piure de chile
sea-peach,sea peach,Halocynthia aurantium,Pyuridae,animal,melocotón de mar
sea-pineapple,sea pineapple,Halocynthia roretzi,Pyuridae,animal,sea pineapple;sea squirt;meongge;piña de mar;hoya
brown-sea-cucumber,brown sea cucumber,Isostichopus fuscus,Stichopodidae,animal,pepino de mar;pepinos de mar;pepino de mar café;pepino de mar marrón;holoturia
orange-footed-sea-cucumber,orange-footed sea cucumber,Cucumaria frondosa,Cucumariidae,animal,pepino de mar naranja;pepino de mar del atlántico norte
prickly-redfish,prickly redfish,Thelenota ananas,Stichopodidae,animal,pepino de mar piña;pepino de mar espinoso
dragonfish-sea-cucumber,dragonfish sea cucumber,Stichopus horrens,Stichopodidae,animal,pepino de mar dragón
sandfish,sandfish,Holothuria scabra,Holothuriidae,animal,pepino de mar de arena;pepino de arena;sandfish
california-sea-cucumber,California sea cucumber,Apostichopus californicus,Stichopodidae,animal,pepino de mar de california;pepino de mar gigante
japanese-sea-cucumber,Japanese sea cucumber,Apostichopus japonicus,Stichopodidae,animal,sea cucumber;pepino de mar japonés;namako
edible-sea-urchin,edible sea urchin,Echinus esculentus,Echinidae,animal,erizo comestible;erizo de mar comestible;erizo europeo grande
collector-urchin,collector urchin,Tripneustes gratilla,Toxopneustidae,animal,erizo colector;erizo tripneustes
chilean-sea-urchin,Chilean sea urchin,Loxechinus albus,Parechinidae,animal,erizo
purple-urchin,purple urchin (Mediterranean),Paracentrotus lividus,Parechinidae,animal,erizo de mar europeo;erizo mediterráneo;oricio;erizo morado europeo;erizo de mar mediterráneo
murasaki-uni,murasaki uni,Heliocidaris crassispina,Echinometridae,animal,uni murasaki;erizo murasaki;erizo japonés morado
northern-sea-urchin,northern sea urchin (kita-murasaki),Mesocentrotus nudus,Strongylocentrotidae,animal,kita-murasaki;erizo del norte japonés;kita murasaki
red-sea-urchin,red sea urchin,Mesocentrotus franciscanus,Strongylocentrotidae,animal,erizo rojo
green-sea-urchin,green sea urchin,Strongylocentrotus droebachiensis,Strongylocentrotidae,animal,erizo verde
purple-sea-urchin,purple sea urchin,Strongylocentrotus purpuratus,Strongylocentrotidae,animal,sea urchin;uni;sea urchin roe;erizo morado;erizo púrpura
lamp-shell,lamp shell (brachiopod),Lingula anatina,Lingulidae,animal,brachiopod;lámpara de mar;braquiópodo;lingula
fuzzy-chiton,fuzzy chiton,Acanthopleura granulata,Chitonidae,animal,chitón peludo;cucaracha de mar;chitón caribeño
chilean-chiton,Chilean chiton,Chiton magnificus,Chitonidae,animal,chitón;quitón;apretador
double-ear-bobtail-squid,double-ear bobtail squid,Euprymna berryi,Sepiolidae,animal,
little-cuttle,little cuttle,Sepiola atlantica,Sepiolidae,animal,sepiola;choquito;chopito;puntillitas;puntillas
japanese-spineless-cuttlefish,Japanese spineless cuttlefish,Sepiella japonica,Sepiidae,animal,
kisslip-cuttlefish,kisslip cuttlefish,Sepia lycidas,Sepiidae,animal,
pharaoh-cuttlefish,pharaoh cuttlefish,Sepia pharaonis,Sepiidae,animal,
golden-cuttlefish,golden cuttlefish,Sepia esculenta,Sepiidae,animal,
common-cuttlefish,common cuttlefish,Sepia officinalis,Sepiidae,animal,cuttlefish;sepia;choco;jibia europea
firefly-squid,firefly squid (hotaru-ika),Watasenia scintillans,Enoploteuthidae,animal,hotaru-ika
new-zealand-arrow-squid,New Zealand arrow squid,Nototodarus sloanii,Ommastrephidae,animal,
neon-flying-squid,neon flying squid,Ommastrephes bartramii,Ommastrephidae,animal,
humboldt-squid,Humboldt squid,Dosidicus gigas,Ommastrephidae,animal,jibia;pota;calamar gigante;calamar de humboldt;jibión
northern-shortfin-squid,northern shortfin squid,Illex illecebrosus,Ommastrephidae,animal,
argentine-shortfin-squid,Argentine shortfin squid,Illex argentinus,Ommastrephidae,animal,calamar argentino;calamar illex;calamar patagónico
european-flying-squid,European flying squid,Todarodes sagittatus,Ommastrephidae,animal,pota europea;calamar volador europeo;pota voladora
japanese-flying-squid,Japanese flying squid (surume-ika),Todarodes pacificus,Ommastrephidae,animal,surume-ika;calamar japonés;surume;calamar volador japonés
caribbean-reef-squid,Caribbean reef squid,Sepioteuthis sepioidea,Loliginidae,animal,calamar de arrecife;calamar de coral;calamar caribeño
bigfin-reef-squid,bigfin reef squid,Sepioteuthis lessoniana,Loliginidae,animal,
indian-squid,Indian squid,Uroteuthis duvaucelii,Loliginidae,animal,
swordtip-squid,swordtip squid,Uroteuthis edulis,Loliginidae,animal,
chokka-squid,chokka squid,Loligo reynaudii,Loliginidae,animal,
veined-squid,veined squid,Loligo forbesii,Loliginidae,animal,calamar veteado
european-squid,European squid,Loligo vulgaris,Loliginidae,animal,calamar europeo;chipirón;calamar de potera
california-market-squid,California market squid,Doryteuthis opalescens,Loliginidae,animal,calamar de california;calamar del pacífico
longfin-inshore-squid,longfin inshore squid,Doryteuthis pealeii,Loliginidae,animal,squid;calamari;calamar;rabas
iidako,iidako,Amphioctopus fangsiao,Octopodidae,animal,
musky-octopus,musky octopus,Eledone moschata,Eledonidae,animal,pulpo almizclado;pulpito
curled-octopus,curled octopus,Eledone cirrhosa,Eledonidae,animal,pulpo blanco;pulpo cabezón;pulpo de roca
giant-pacific-octopus,giant Pacific octopus,Enteroctopus dofleini,Enteroctopodidae,animal,pulpo gigante
long-arm-octopus,long-arm octopus (nakji),Octopus minor,Octopodidae,animal,nakji
day-octopus,day octopus (he'e),Octopus cyanea,Octopodidae,animal,he'e;pulpo de día;pulpo hawaiano
mexican-four-eyed-octopus,Mexican four-eyed octopus,Octopus maya,Octopodidae,animal,pulpo maya;pulpo rojo;pulpo de yucatán;pulpo yucateco
east-asian-common-octopus,East Asian common octopus,Octopus sinensis,Octopodidae,animal,
common-octopus,common octopus,Octopus vulgaris,Octopodidae,animal,octopus;pulpo;tako
japanese-limpet,Japanese limpet,Cellana grata,Nacellidae,animal,lapa japonesa
common-limpet,common limpet,Patella vulgata,Patellidae,animal,lapa europea;lapa común;lapas gallegas;lapa gallega
nerite,nerite,Nerita albicilla,Neritidae,animal,nerita;caracol nerita
wedge-sea-hare,wedge sea hare,Dolabella auricularia,Aplysiidae,animal,liebre de mar;liebres de mar;babosa de mar
giant-west-african-snail,giant West African snail,Archachatina marginata,Achatinidae,animal,caracol gigante de áfrica occidental
giant-african-snail,giant African snail,Lissachatina fulica,Achatinidae,animal,caracol africano;caracol gigante africano
milk-snail,milk snail,Otala lactea,Helicidae,animal,caracol lechoso;caracol de leche;cabrilla de tierra;caracol andaluz;caracoles andaluces;vaqueta
turkish-snail,Turkish snail,Helix lucorum,Helicidae,animal,caracol turco;caracol de bosque
roman-snail,Roman snail (escargot),Helix pomatia,Helicidae,animal,escargot;land snail;snail;snails;caracol de tierra;caracoles de tierra;caracol de borgoña;caracoles de borgoña
garden-snail,garden snail (petit-gris),Cornu aspersum,Helicidae,animal,petit-gris;caracol
red-rimmed-melania,red-rimmed melania,Melanoides tuberculata,Thiaridae,animal,
kawanina,kawanina,Semisulcospira libertina,Semisulcospiridae,animal,
river-snail,river snail,Viviparus viviparus,Viviparidae,animal,caracol de río;caracol vivíparo
chinese-mystery-snail,Chinese mystery snail,Cipangopaludina chinensis,Viviparidae,animal,caracol chino de agua dulce;caracol misterioso
golden-apple-snail,golden apple snail,Pomacea canaliculata,Ampullariidae,animal,churo;caracol manzana;caracol de agua dulce;caracol dorado
apple-snail,apple snail,Pila globosa,Ampullariidae,animal,caracol manzana indio;caracol de arrozal
queen-conch,queen conch,Aliger gigas,Strombidae,animal,queen conch;caracol pala;cobo;lambí;caracol rosado;caracol reina;caracol de concha;carrucho;botuto;guarura
horn-snail,horn snail (mud creeper),Telescopium telescopium,Potamididae,animal,mud creeper
mangrove-periwinkle,mangrove periwinkle (West Africa),Tympanotonus fuscatus,Potamididae,animal,
periwinkle,periwinkle,Littorina littorea,Littorinidae,animal,periwinkle;winkle;winkles;bígaro;caracolillo;mincha
dog-whelk,dog whelk,Nucella lapillus,Muricidae,animal,caracol perro;púrpura
loco,loco,Concholepas concholepas,Muricidae,animal,loco;abalón chileno;chanque
purple-dye-murex,purple dye murex,Bolinus brandaris,Muricidae,animal,cañaílla;cañadilla;busano
banded-dye-murex,banded dye-murex,Hexaplex trunculus,Muricidae,animal,cañaílla de fango;corneta;busano de fango
veined-rapa-whelk,veined rapa whelk,Rapana venosa,Muricidae,animal,caracol rapana;rapana
japanese-babylon,Japanese babylon (bai),Babylonia japonica,Babyloniidae,animal,bai
spotted-babylon,spotted babylon,Babylonia areolata,Babyloniidae,animal,
channeled-whelk,channeled whelk,Busycotypus canaliculatus,Busyconidae,animal,
knobbed-whelk,knobbed whelk,Busycon carica,Busyconidae,animal,caracol busycon;caracola nudosa
common-whelk,common whelk,Buccinum undatum,Buccinidae,animal,whelk;bocina;buccino;caracol bocina;bígaro grande
lapa-negra,lapa negra (keyhole limpet),Fissurella latimarginata,Fissurellidae,animal,keyhole limpet;lapa
turbinate-monodont,turbinate monodont,Phorcus turbinatus,Trochidae,animal,bígaro mediterráneo;caracol de mar mediterráneo;caragol
trochus,trochus (top shell),Tectus niloticus,Tegulidae,animal,top shell;trochus;caracol trochus;caracol de nácar
coronate-moon-turban,coronate moon turban,Lunella coronata,Turbinidae,animal,caracol luna;turbante luna
green-turban,green turban,Turbo marmoratus,Turbinidae,animal,turbante verde;caracol turbante verde
sazae,sazae (horned turban),Turbo cornutus,Turbinidae,animal,horned turban;sazae;caracol turbante;turbante japonés
small-abalone,small abalone,Haliotis diversicolor,Haliotidae,animal,
blacklip-abalone,blacklip abalone,Haliotis rubra,Haliotidae,animal,abulón de labio negro;abulón australiano
greenlip-abalone,greenlip abalone,Haliotis laevigata,Haliotidae,animal,abulón de labio verde
ormer,ormer,Haliotis tuberculata,Haliotidae,animal,oreja de mar europea;ormer;abulón europeo
paua,paua,Haliotis iris,Haliotidae,animal,paua;abulón paua
south-african-abalone,South African abalone (perlemoen),Haliotis midae,Haliotidae,animal,perlemoen;abulón sudafricano
red-abalone,red abalone,Haliotis rufescens,Haliotidae,animal,abulón;abalón;oreja de mar
japanese-abalone,Japanese abalone (ezo awabi),Haliotis discus,Haliotidae,animal,ezo awabi;awabi;abulón japonés;abalón japonés
coquina-clam,coquina clam,Donax variabilis,Donacidae,animal,coquina americana;chipichipi;chipi chipi;guacuco
wedge-clam,wedge clam (tellina),Donax trunculus,Donacidae,animal,tellina;coquina;tellerina
small-giant-clam,small giant clam,Tridacna maxima,Cardiidae,animal,
giant-clam,giant clam,Tridacna gigas,Cardiidae,animal,almeja gigante;tridacna
common-cockle,common cockle,Cerastoderma edule,Cardiidae,animal,cockle;berberecho;croque
pacific-razor-clam,Pacific razor clam,Siliqua patula,Pharidae,animal,navaja del pacífico;navaja de california
grooved-razor,grooved razor,Solen marginatus,Solenidae,animal,longueirón;navaja recta
razor-clam,razor clam (Europe),Ensis magnus,Pharidae,animal,navaja
atlantic-jackknife-clam,Atlantic jackknife clam,Ensis leei,Pharidae,animal,navaja americana;navaja del atlántico
geoduck,geoduck,Panopea generosa,Hiatellidae,animal,geoduck;almeja panopea;almeja generosa;almeja geoduck;almeja elefante
tamilok,tamilok (shipworm),Bactronophorus thoracites,Teredinidae,animal,shipworm
giant-shipworm,giant shipworm,Kuphus polythalamius,Teredinidae,animal,
common-piddock,common piddock,Pholas dactylus,Pholadidae,animal,dátil de mar;dátiles de mar;barrena
fat-gaper,fat gaper (horse clam),Tresus capax,Mactridae,animal,horse clam;almeja caballo;almeja de caballo
ocean-quahog,ocean quahog,Arctica islandica,Arcticidae,animal,almeja de islandia;almeja negra;quahog oceánico
shijimi,shijimi,Corbicula japonica,Cyrenidae,animal,shijimi;almeja shijimi
asian-clam,Asian clam,Corbicula fluminea,Cyrenidae,animal,almeja asiática;almeja de agua dulce;corbícula
rayed-artemis,rayed artemis,Dosinia exoleta,Veneridae,animal,reloj;almeja reloj
striped-venus,striped venus (vongola),Chamelea gallina,Veneridae,animal,vongola;chirla
smooth-venus,smooth venus,Callista chione,Veneridae,animal,almejón;concha fina
pacific-littleneck,Pacific littleneck,Leukoma staminea,Veneridae,animal,almeja de cuello corto del pacífico;almeja littleneck del pacífico
butter-clam,butter clam,Saxidomus gigantea,Veneridae,animal,almeja mantequilla;almeja de mantequilla
undulating-venus,undulating venus (lala),Paphia undulata,Veneridae,animal,lala;almeja lala
lyrate-hard-clam,lyrate hard clam,Meretrix lyrata,Veneridae,animal,almeja blanca vietnamita;almeja de vietnam
hamaguri,hamaguri,Meretrix lusoria,Veneridae,animal,hamaguri;almeja hamaguri;almeja japonesa hamaguri
pullet-carpet-shell,pullet carpet shell,Venerupis corrugata,Veneridae,animal,almeja babosa;almejas babosas
grooved-carpet-shell,grooved carpet shell,Ruditapes decussatus,Veneridae,animal,almeja
manila-clam,Manila clam,Ruditapes philippinarum,Veneridae,animal,almeja japonesa;almeja japónica;almeja de manila;almeja manila
arctic-surf-clam,Arctic surf clam (hokkigai),Mactromeris polynyma,Mactridae,animal,hokkigai;almeja ártica;almeja de stimpson
atlantic-surf-clam,Atlantic surf clam,Spisula solidissima,Mactridae,animal,almeja de mar americana;almeja de surf;almeja surf
soft-shell-clam,soft-shell clam,Mya arenaria,Myidae,animal,soft-shell clam;steamers;almeja de concha blanda;almeja blanda;almeja de arena
hard-clam,hard clam (quahog),Mercenaria mercenaria,Veneridae,animal,quahog;hard clam;clam;clams;littleneck;cherrystone;almeja americana;almeja dura;almeja de cuello duro
queen-scallop,queen scallop,Aequipecten opercularis,Pectinidae,animal,zamburiña;volandeira
iceland-scallop,Iceland scallop,Chlamys islandica,Pectinidae,animal,vieira de islandia;vieira islandesa
yesso-scallop,Yesso scallop (hotate),Mizuhopecten yessoensis,Pectinidae,animal,hotate;vieira japonesa;vieira yesso;callo de hacha japonés
peruvian-scallop,Peruvian scallop,Argopecten purpuratus,Pectinidae,animal,ostión del norte;ostiones del norte;vieira chilena;concha de abanico;conchas de abanico;conchitas;conchas a la parmesana;ostión peruano
bay-scallop,bay scallop,Argopecten irradians,Pectinidae,animal,vieira de bahía;vieiras de bahía;callo de hacha pequeño
mediterranean-scallop,Mediterranean scallop,Pecten jacobaeus,Pectinidae,animal,vieira mediterránea;concha de peregrino mediterránea
king-scallop,king scallop,Pecten maximus,Pectinidae,animal,vieira;concha de peregrino;concha de santiago
sea-scallop,sea scallop,Placopecten magellanicus,Pectinidae,animal,vieira americana;vieira del atlántico;vieira gigante;scallop;scallops;seared scallops
dog-cockle,dog cockle,Glycymeris glycymeris,Glycymerididae,animal,almendra de mar;almendras de mar;almeja almendra
black-lip-pearl-oyster,black-lip pearl oyster,Pinctada margaritifera,Margaritidae,animal,ostra perlera;ostra perlífera;madreperla
pen-shell,pen shell (tairagi),Atrina pectinata,Pinnidae,animal,tairagi;callo de hacha;pinna
akagai,akagai,Anadara broughtonii,Arcidae,animal,akagai;arca de sangre japonesa;almeja de sangre japonesa
blood-cockle,blood cockle,Tegillarca granosa,Arcidae,animal,berberecho de sangre;almeja de sangre;concha de sangre;concha negra;conchas negras;piangua;concha prieta
horse-mussel,horse mussel,Modiolus modiolus,Mytilidae,animal,mejillón de caballo;mejillón bravo
choro-zapato,choro zapato,Choromytilus chorus,Mytilidae,animal,choro zapato;choros zapato;choro maltón grande
brown-mussel,brown mussel,Perna perna,Mytilidae,animal,mejillón marrón;mejillón de brasil;mejillón pardo
asian-green-mussel,Asian green mussel,Perna viridis,Mytilidae,animal,mejillón verde;mejillón asiático
green-lipped-mussel,green-lipped mussel,Perna canaliculus,Mytilidae,animal,mejillón de nueva zelanda;mejillón de labios verdes
chilean-mussel,Chilean mussel,Mytilus chilensis,Mytilidae,animal,choro;choritos;chorito;mejillón chileno;cholga
mediterranean-mussel,Mediterranean mussel,Mytilus galloprovincialis,Mytilidae,animal,mejillón mediterráneo;mejillón gallego;chorro;mejillón de roca;mejillón de batea
blue-mussel,blue mussel,Mytilus edulis,Mytilidae,animal,mussel;mussels;mejillón
sydney-rock-oyster,Sydney rock oyster,Saccostrea glomerata,Ostreidae,animal,ostra de roca de sídney;ostra australiana
olympia-oyster,Olympia oyster,Ostrea lurida,Ostreidae,animal,ostra olympia;ostra olímpica
european-flat-oyster,European flat oyster,Ostrea edulis,Ostreidae,animal,ostra plana;ostra europea;ostra gallega;ostra de arcade
portuguese-oyster,Portuguese oyster,Magallana angulata,Ostreidae,animal,ostra portuguesa;ostión portugués
pacific-oyster,Pacific oyster,Magallana gigas,Ostreidae,animal,ostra;ostión
eastern-oyster,eastern oyster,Crassostrea virginica,Ostreidae,animal,oysters;oyster;ostra americana;ostión americano;ostra del atlántico;ostión del golfo;ostiones del golfo
palolo-worm,palolo worm,Palola viridis,Eunicidae,animal,palolo
fat-innkeeper-worm,fat innkeeper worm (gaebul),Urechis unicinctus,Urechidae,animal,gaebul;gusano cuchara;pene de mar
peanut-worm,peanut worm,Sipunculus nudus,Sipunculidae,animal,gusano cacahuete;gusano de maní;gusano maní
giant-centipede,giant centipede (skewered),Scolopendra subspinipes,Scolopendridae,animal,skewered
maguey-worm,maguey worm (white),Aegiale hesperiaris,Hesperiidae,animal,
silkworm-pupa,silkworm pupa,Bombyx mori,Bombycidae,animal,silkworm pupa;beondegi
shea-caterpillar,shea caterpillar (kanni),Cirina forda,Saturniidae,animal,kanni
mopane-worm,mopane worm,Gonimbrasia belina,Saturniidae,animal,
eri-silkworm,eri silkworm,Samia ricini,Saturniidae,animal,
tussah-silkmoth-pupa,tussah silkmoth pupa,Antheraea pernyi,Saturniidae,animal,
red-maguey-worm,red maguey worm (chinicuil),Comadia redtenbacheri,Cossidae,animal,chinicuil
witchetty-grub,witchetty grub,Endoxyla leucomochla,Cossidae,animal,
lake-fly,lake fly (kungu),Chaoborus edulis,Chaoboridae,animal,kungu
black-soldier-fly-larva,black soldier fly larva,Hermetia illucens,Stratiomyidae,animal,
diving-beetle,diving beetle (long ga),Cybister tripunctatus,Dytiscidae,animal,long ga
chafer-grub,chafer grub (Chinese),Holotrichia parallela,Scarabaeidae,animal,
rhinoceros-beetle-larva,rhinoceros beetle larva,Oryctes rhinoceros,Scarabaeidae,animal,
south-american-palm-weevil,South American palm weevil (chontacuro),Rhynchophorus palmarum,Curculionidae,animal,chontacuro
african-palm-weevil-larva,African palm weevil larva,Rhynchophorus phoenicis,Curculionidae,animal,
red-palm-weevil-larva,red palm weevil larva,Rhynchophorus ferrugineus,Curculionidae,animal,
lesser-mealworm,lesser mealworm (buffalo worm),Alphitobius diaperinus,Tenebrionidae,animal,buffalo worm
superworm,superworm,Zophobas morio,Tenebrionidae,animal,
mealworm,mealworm,Tenebrio molitor,Tenebrionidae,animal,mealworm
escamoles,escamoles,Liometopum apiculatum,Formicidae,animal,
weaver-ant-eggs,weaver ant eggs,Oecophylla smaragdina,Formicidae,animal,
hormigas-culonas,hormigas culonas (leafcutter ant),Atta laevigata,Formicidae,animal,leafcutter ant;hormiga culona;hormigas culonas;hormiga santandereana;hormigas santandereanas;culona;hormiga culona tostada;hormiga culona con sal;hormigas culonas con sal;hormiga reina;hormigas reinas;hormiga arriera reina;hormigas arrieras reinas;hormiga arriera;hormigas arrieras;hormiga cortadora;hormigas cortadoras;hormiga bachaco;bachaco;hormiga chicatana grande;chicatana grande;chicatanas grandes;zompopo;zompopa;sompopo;tzompopo;nucú;chicatana;hormiga chicatana tostada;hormiga chicatana con sal;hormigas chicatanas con sal;hormiga chicatana con limón;hormigas chicatanas con limón;hormiga chicatana con chile;hormigas chicatanas con chile;hormiga chicatana con ajo;hormigas chicatanas con ajo;salsa de chicatana;salsa de hormigas chicatanas;salsa de hormigas;salsa de hormiga;sal de chicatana;sal de hormiga chicatana;sal de hormigas chicatanas;sal de hormiga;chicatana en salsa;chicatana en sal;chicatanas en sal;chicatana en tortilla;chicatanas en tortilla;tortilla de chicatana;tortillas de chicatana;chicatana en empanada;chicatanas en empanada;empanada de chicatana;empanadas de chicatana;chicatana en guacamole;chicatanas en guacamole;guacamole de chicatana;chicatana en tostada;chicatanas en tostada;tostada de chicatana
sugarbag-bee,sugarbag bee (honey),Tetragonula carbonaria,Apidae,animal,miel de abeja sin aguijón australiana;sugarbag;miel sugarbag
maya-stingless-bee,Maya stingless bee (honey),Melipona beecheii,Apidae,animal,miel de melipona;miel maya;abeja melipona;miel de abeja sin aguijón;miel de abeja melipona;abeja xunan kab;xunan kab;melipona;miel virgen;miel de abeja nativa;abeja nativa sin aguijón;abeja sin aguijón;abejas sin aguijón;miel de abejas sin aguijón;miel yucateca;miel de yucatán;miel de la península;miel de abeja maya;miel de abejas mayas;miel de meliponario;meliponario;miel de jobón;jobón
giant-honey-bee,giant honey bee (honey),Apis dorsata,Apidae,animal,abeja gigante;miel de abeja gigante;miel silvestre asiática
asian-honey-bee,Asian honey bee (honey),Apis cerana,Apidae,animal,abeja asiática;miel de abeja asiática
honey-bee,honey bee (honey),Apis mellifera,Apidae,animal,honey bee;honey;royal jelly;bee pollen;miel;abeja;jalea real;propóleo;hidromiel;miel de azahar;miel de mezquite;miel de aguacate;miel de café;miel de romero;miel de tomillo;miel de tilo;miel de girasol;miel de algarrobo;panal;cera
wasp-brood,wasp brood (Mexico),Polybia occidentalis,Vespidae,animal,
yellowjacket-larvae,yellowjacket larvae,Vespula flaviceps,Vespidae,animal,
giant-hornet-larvae,giant hornet larvae (hachinoko),Vespa mandarinia,Vespidae,animal,hachinoko
jumil,jumil,Euschistus taxcoensis,Pentatomidae,animal,
edible-stink-bug,edible stink bug,Encosternum delegorguei,Tessaratomidae,animal,
ahuautle,ahuautle (water boatman eggs),Corisella texcocana,Corixidae,animal,water boatman eggs
giant-water-bug,giant water bug (maeng da),Lethocerus indicus,Belostomatidae,animal,maeng da
periodical-cicada,periodical cicada,Magicicada septendecim,Cicadidae,animal,
black-cicada,black cicada,Cryptotympana atrata,Cicadidae,animal,
termite,termite (subhyalinus),Macrotermes subhyalinus,Termitidae,animal,
termite-2,termite (alate),Macrotermes bellicosus,Termitidae,animal,
chapulin,chapulín,Sphenarium purpurascens,Pyrgomorphidae,animal,
desert-locust,desert locust,Schistocerca gregaria,Acrididae,animal,
migratory-locust,migratory locust,Locusta migratoria,Acrididae,animal,
nsenene,nsenene (bush cricket),Ruspolia differens,Tettigoniidae,animal,bush cricket
giant-cricket,giant cricket,Brachytrupes membranaceus,Gryllidae,animal,
banded-cricket,banded cricket,Gryllodes sigillatus,Gryllidae,animal,
two-spotted-cricket,two-spotted cricket,Gryllus bimaculatus,Gryllidae,animal,
house-cricket,house cricket,Acheta domesticus,Gryllidae,animal,cricket;crickets;cricket flour
giant-mantis-shrimp,giant mantis shrimp,Harpiosquilla raphidea,Squillidae,animal,camarón mantis gigante;galera gigante
spottail-mantis-shrimp,spottail mantis shrimp,Squilla mantis,Squillidae,animal,galera;camarón mantis;cigala de fango;mantis de mar
japanese-mantis-shrimp,Japanese mantis shrimp (shako),Oratosquilla oratoria,Squillidae,animal,shako;camarón mantis japonés;galera japonesa
japanese-mysid,Japanese mysid (ami),Neomysis intermedia,Mysidae,animal,ami
pacific-krill,Pacific krill (isada),Euphausia pacifica,Euphausiidae,animal,isada;krill del pacífico
antarctic-krill,Antarctic krill,Euphausia superba,Euphausiidae,animal,krill;kril
spanner-crab,spanner crab,Ranina ranina,Raninidae,animal,cangrejo rana;cangrejo llave;cangrejo de arena
paddle-crab,paddle crab,Ovalipes catharus,Ovalipidae,animal,
red-deep-sea-crab,red deep-sea crab,Chaceon quinquedens,Geryonidae,animal,
tasmanian-giant-crab,Tasmanian giant crab,Pseudocarcinus gigas,Menippidae,animal,
horsehair-crab,horsehair crab (kegani),Erimacrus isenbeckii,Cheiragonidae,animal,kegani
mangrove-crab,mangrove crab (caranguejo-uçá),Ucides cordatus,Ucididae,animal,caranguejo-uçá;cangrejo de manglar;cangrejo rojo de manglar;caranguejo uçá;cangrejo uçá
blue-land-crab,blue land crab,Cardisoma guanhumi,Gecarcinidae,animal,cangrejo azul de tierra;juey;cangrejo de tierra;cangrejo terrestre;cangrejo azul terrestre;cangrejo de manglar azul
florida-stone-crab,Florida stone crab,Menippe mercenaria,Menippidae,animal,cangrejo de piedra;cangrejo moro;cangrejo piedra de florida
japanese-mitten-crab,Japanese mitten crab,Eriocheir japonica,Varunidae,animal,
chinese-mitten-crab,Chinese mitten crab,Eriocheir sinensis,Varunidae,animal,cangrejo chino;cangrejo de shanghái;cangrejo de mitones chino;cangrejo peludo chino;cangrejo de guantes
atlantic-spider-crab,Atlantic spider crab,Maja brachydactyla,Majidae,animal,centolla gallega;centollo gallego;centollo atlántico;araña de mar;centolla europea atlántica;centollo europeo
mediterranean-spider-crab,Mediterranean spider crab,Maja squinado,Majidae,animal,centollo;centolla europea;araña de mar mediterránea
red-snow-crab,red snow crab (beni-zuwai),Chionoecetes japonicus,Oregoniidae,animal,beni-zuwai;cangrejo de nieve rojo;cangrejo beni zuwai
tanner-crab,tanner crab,Chionoecetes bairdi,Oregoniidae,animal,cangrejo tanner;cangrejo de las nieves del pacífico;cangrejo bairdi
snow-crab,snow crab,Chionoecetes opilio,Oregoniidae,animal,cangrejo de las nieves;cangrejo de nieve;cangrejo nieve
european-shore-crab,European shore crab,Carcinus maenas,Carcinidae,animal,cangrejo verde;cangrejo de costa;cangrejo europeo verde;cangrejo común europeo;cámbaro;cangrejo de mar verde
velvet-crab,velvet crab,Necora puber,Polybiidae,animal,nécora;andarica;cangrejo aterciopelado
asian-paddle-crab,Asian paddle crab,Charybdis japonica,Portunidae,animal,
crucifix-crab,crucifix crab,Charybdis feriata,Portunidae,animal,cangrejo crucifijo;cangrejo cruz;jaiba crucifijo
green-mud-crab,green mud crab,Scylla paramamosain,Portunidae,animal,
mud-crab,mud crab,Scylla serrata,Portunidae,animal,cangrejo de lodo;cangrejo de barro;cangrejo de manglar asiático;cangrejo de mangle asiático;cangrejo de fango
blue-swimmer-crab,blue swimmer crab,Portunus pelagicus,Portunidae,animal,cangrejo nadador;jaiba nadadora;jaiba azul asiática;cangrejo azul asiático
gazami-crab,gazami crab,Portunus trituberculatus,Portunidae,animal,cangrejo gazami;gazami;cangrejo nadador japonés;jaiba japonesa
blue-crab,blue crab,Callinectes sapidus,Portunidae,animal,blue crab;crab;crabs;crab meat;jaiba;cangrejo azul;cangrejo de concha blanda;jaiba de concha blanda
dungeness-crab,Dungeness crab,Metacarcinus magister,Cancridae,animal,Dungeness crab;cangrejo dungeness;cangrejo de dungeness;jaiba dungeness;cangrejo del pacífico norte
atlantic-rock-crab,Atlantic rock crab,Cancer irroratus,Cancridae,animal,rock crab;Maine rock crab;peekytoe crab;peekytoe
jonah-crab,Jonah crab,Cancer borealis,Cancridae,animal,
brown-crab,brown crab,Cancer pagurus,Cancridae,animal,buey de mar;buey;cangrejo de mar;cangrejo europeo;cangrejo marrón;bou de mar
golden-king-crab,golden king crab,Lithodes aequispinus,Lithodidae,animal,centolla dorada;cangrejo real dorado;king crab dorado
southern-king-crab,southern king crab (centolla),Lithodes santolla,Lithodidae,animal,centolla;king crab patagónico;cangrejo real patagónico
blue-king-crab,blue king crab,Paralithodes platypus,Lithodidae,animal,cangrejo real azul;centolla azul;king crab azul
red-king-crab,red king crab,Paralithodes camtschaticus,Lithodidae,animal,king crab;centolla de alaska;cangrejo real;cangrejo rey;centolla roja
red-squat-lobster,red squat lobster,Pleuroncodes monodon,Munididae,animal,langostino colorado;langostino rojo chileno
squat-lobster,squat lobster (langostino),Munida gregaria,Munididae,animal,langostino;langostino chileno;langostino de los canales;langostino de canal;langostino patagónico chileno;langostino colorado grande
new-zealand-scampi,New Zealand scampi,Metanephrops challengeri,Nephropidae,animal,cigala de nueva zelanda;scampi de nueva zelanda
langoustine,langoustine,Nephrops norvegicus,Nephropidae,animal,cigala;langostino noruego;escampi;scampi
european-lobster,European lobster,Homarus gammarus,Nephropidae,animal,bogavante europeo;langosta europea;bogavante azul
american-lobster,American lobster,Homarus americanus,Nephropidae,animal,lobster;langosta;bogavante
virile-crayfish,virile crayfish,Faxonius virilis,Cambaridae,animal,
marron,marron,Cherax cainii,Parastacidae,animal,marrón;cangrejo marrón australiano
yabby,yabby,Cherax destructor,Parastacidae,animal,yabby
redclaw,redclaw,Cherax quadricarinatus,Parastacidae,animal,langosta australiana;cangrejo australiano;langosta de agua dulce australiana;langosta de pinzas rojas;redclaw
white-clawed-crayfish,white-clawed crayfish,Austropotamobius pallipes,Astacidae,animal,cangrejo de río autóctono;cangrejo de patas blancas;cangrejo de río ibérico
signal-crayfish,signal crayfish,Pacifastacus leniusculus,Astacidae,animal,cangrejo señal;cangrejo de río señal
noble-crayfish,noble crayfish,Astacus astacus,Astacidae,animal,cangrejo de río europeo;cangrejo noble;cangrejo de río noble;cangrejo de patas rojas
red-swamp-crayfish,red swamp crayfish,Procambarus clarkii,Cambaridae,animal,crayfish;crawfish;crawdad;cangrejo de río;langosta de río;acocil;cangrejo rojo americano;cangrejo de pantano
balmain-bug,Balmain bug,Ibacus peronii,Scyllaridae,animal,cigarra de balmain;langosta zapatilla australiana
mediterranean-slipper-lobster,Mediterranean slipper lobster,Scyllarides latus,Scyllaridae,animal,cigarra de mar;santiaguiño;cigarra;langosta zapatilla
moreton-bay-bug,Moreton Bay bug,Thenus orientalis,Scyllaridae,animal,cigarra de moreton;langosta zapatilla asiática;cigarra de mar asiática
eastern-rock-lobster,eastern rock lobster,Sagmariasus verreauxi,Palinuridae,animal,langosta verde;langosta de roca oriental
west-coast-rock-lobster,West Coast rock lobster,Jasus lalandii,Palinuridae,animal,langosta del cabo;langosta sudafricana;langosta de roca del cabo
southern-rock-lobster,southern rock lobster,Jasus edwardsii,Palinuridae,animal,langosta de roca austral;langosta de nueva zelanda;langosta de tasmania
european-spiny-lobster,European spiny lobster,Palinurus elephas,Palinuridae,animal,langosta común;langosta del mediterráneo;langosta mediterránea;langosta europea espinosa;langosta roja europea
scalloped-spiny-lobster,scalloped spiny lobster,Panulirus homarus,Palinuridae,animal,langosta escamosa;langosta de arrecife
ornate-spiny-lobster,ornate spiny lobster,Panulirus ornatus,Palinuridae,animal,langosta ornamentada;langosta ornada;langosta tropical
california-spiny-lobster,California spiny lobster,Panulirus interruptus,Palinuridae,animal,langosta roja;langosta de california;langosta de baja california
western-rock-lobster,western rock lobster,Panulirus cygnus,Palinuridae,animal,
caribbean-spiny-lobster,Caribbean spiny lobster,Panulirus argus,Palinuridae,animal,langosta espinosa;langosta del caribe;langosta caribeña;langosta espinosa del caribe;langosta de florida
striped-soldier-shrimp,striped soldier shrimp,Plesionika edwardsii,Pandalidae,animal,camarón soldado;camarón de fondo;gamba soldado;gamba de fondo
oriental-river-prawn,oriental river prawn,Macrobrachium nipponense,Palaemonidae,animal,camarón de río oriental;camarón de río asiático
giant-river-prawn,giant river prawn,Macrobrachium rosenbergii,Palaemonidae,animal,freshwater prawn;camarón de río;langostino de río;camarón gigante de malasia;camarón de agua dulce;langostino de agua dulce;camarón malayo
common-prawn,common prawn,Palaemon serratus,Palaemonidae,animal,quisquilla;camarón de roca;camarón común europeo;esquila;camarón de la ría
sculptured-shrimp,sculptured shrimp,Sclerocrangon boreas,Crangonidae,animal,
brown-shrimp,brown shrimp (North Sea),Crangon crangon,Crangonidae,animal,North Sea;camarón gris;quisquilla gris;gamba gris;camarón del mar del norte
chilean-nylon-shrimp,Chilean nylon shrimp,Heterocarpus reedi,Pandalidae,animal,camarón nailon;camarón nylon;camarón de profundidad
ocean-pink-shrimp,ocean pink shrimp,Pandalus jordani,Pandalidae,animal,camarón rosado del pacífico;gamba rosada del pacífico
spot-prawn,spot prawn,Pandalus platyceros,Pandalidae,animal,camarón manchado;gamba manchada;spot prawn
northern-shrimp,northern shrimp,Pandalus borealis,Pandalidae,animal,camarón nórdico;gamba del ártico;camarón de aguas frías;camarón boreal;gamba nórdica;camarón de fiordo
jawla-paste-shrimp,jawla paste shrimp,Acetes indicus,Sergestidae,animal,
akiami-paste-shrimp,akiami paste shrimp,Acetes japonicus,Sergestidae,animal,camarón akiami;camaroncito de pasta;pasta de camarón
argentine-red-shrimp,Argentine red shrimp,Pleoticus muelleri,Solenoceridae,animal,langostino argentino;langostino patagónico;langostino rojo;gambón argentino;langostino austral
blue-and-red-shrimp,blue and red shrimp (gamba roja),Aristeus antennatus,Aristeidae,animal,gamba roja;gamba de palamós;gamba de denia;gamba de garrucha
giant-red-shrimp,giant red shrimp,Aristaeomorpha foliacea,Aristeidae,animal,gamba roja gigante;carabinero chico;langostino moruno
atlantic-seabob,Atlantic seabob,Xiphopenaeus kroyeri,Penaeidae,animal,camarón siete barbas;titi;camarón titi;camarón sietebarbas;camaroncillo
speckled-shrimp,speckled shrimp,Metapenaeus monoceros,Penaeidae,animal,camarón moteado;langostino moteado
pink-shrimp,pink shrimp (Gulf),Penaeus duorarum,Penaeidae,animal,camarón rosado;camarón rosa
brown-shrimp-2,brown shrimp (Gulf),Penaeus aztecus,Penaeidae,animal,camarón café;camarón pardo;camarón marrón
atlantic-white-shrimp,Atlantic white shrimp,Penaeus setiferus,Penaeidae,animal,camarón blanco del atlántico;camarón blanco del golfo
banana-prawn,banana prawn,Penaeus merguiensis,Penaeidae,animal,langostino banana;camarón banana
green-tiger-prawn,green tiger prawn,Penaeus semisulcatus,Penaeidae,animal,
chinese-white-shrimp,Chinese white shrimp,Penaeus chinensis,Penaeidae,animal,camarón chino;langostino chino
kuruma-prawn,kuruma prawn,Penaeus japonicus,Penaeidae,animal,langostino japonés;kuruma;camarón kuruma;gamba japonesa
indian-white-prawn,Indian white prawn,Penaeus indicus,Penaeidae,animal,langostino indio;camarón indio;gamba india
whiteleg-shrimp,whiteleg shrimp,Penaeus vannamei,Penaeidae,animal,shrimp;prawns;prawn;shrimps;camarón;gamba
giant-tiger-prawn,giant tiger prawn,Penaeus monodon,Penaeidae,animal,langostino tigre;camarón tigre;langostino jumbo;gamba tigre;gambón tigre
pelagic-goose-barnacle,pelagic goose barnacle,Lepas anatifera,Lepadidae,animal,percebe pelágico;percebe de barco;anatifa
picoroco,picoroco,Austromegabalanus psittacus,Balanidae,animal,picoroco
pacific-goose-barnacle,Pacific goose barnacle,Pollicipes polymerus,Pollicipedidae,animal,percebe del pacífico;percebe americano
goose-barnacle,goose barnacle (percebes),Pollicipes pollicipes,Pollicipedidae,animal,percebes;percebe
mangrove-horseshoe-crab,mangrove horseshoe crab (eggs),Carcinoscorpius rotundicauda,Limulidae,animal,
horseshoe-crab,horseshoe crab (eggs),Tachypleus gigas,Limulidae,animal,
asian-forest-scorpion,Asian forest scorpion,Heterometrus longimanus,Scorpionidae,animal,
edible-tarantula,edible tarantula (a-ping),Cyriopagopus albostriatus,Theraphosidae,animal,a-ping
snakelocks-anemone,snakelocks anemone (ortiguillas),Anemonia viridis,Actiniidae,animal,ortiguillas;ortiguilla;anémona de mar
nomuras-jellyfish,Nomura's jellyfish,Nemopilema nomurai,Rhizostomatidae,animal,medusa nomura
cannonball-jellyfish,cannonball jellyfish,Stomolophus meleagris,Stomolophidae,animal,medusa bala de cañón;medusa de bala de cañón;aguamala
sand-jellyfish,sand jellyfish,Rhopilema hispidum,Rhizostomatidae,animal,
edible-jellyfish,edible jellyfish,Rhopilema esculentum,Rhizostomatidae,animal,edible jellyfish;medusa
mucor,mucor,Mucor racemosus,Mucoraceae,fungus,
sufu-mould,sufu mould,Actinomucor elegans,Mucoraceae,fungus,
tempeh-mould,tempeh / ragi mould,Rhizopus oryzae,Rhizopodaceae,fungus,ragi mould
tempeh-mould-2,tempeh mould,Rhizopus oligosporus,Rhizopodaceae,fungus,tempeh mold;tempeh
huitlacoche,huitlacoche,Ustilago maydis,Ustilaginaceae,fungus,huitlacoche;corn smut;cuitlacoche;hongo del maíz;hongos del maíz;hongo de maíz;hongos de maíz;carbón del maíz;carbón de maíz;trufa mexicana;trufas mexicanas;caviar mexicano;caviar azteca;hongo azteca;hongos aztecas;crema de huitlacoche;salsa de huitlacoche;huitlacoche con queso;huitlacoches con queso;huitlacoche con elote;huitlacoches con elote;huitlacoche con flor de calabaza;huitlacoches con flor de calabaza;huitlacoche con epazote;huitlacoches con epazote;huitlacoche con chile;huitlacoches con chile;huitlacoche con cebolla;huitlacoches con cebolla;huitlacoche con ajo;huitlacoches con ajo;huitlacoche con tomate;huitlacoches con tomate;huitlacoche con crema;huitlacoches con crema;huitlacoche con pollo;huitlacoches con pollo;huitlacoche con carne;huitlacoches con carne;huitlacoche con camarón;huitlacoches con camarón;huitlacoche con huevo;huitlacoches con huevo;huitlacoche con frijoles;huitlacoches con frijoles;huitlacoche con arroz;huitlacoches con arroz;huitlacoche con pasta;huitlacoches con pasta;huitlacoche con tortillas;huitlacoches con tortillas;huitlacoche con pan;huitlacoches con pan;huitlacoche con pipián;huitlacoches con pipián
golden-ear,golden ear,Naematelia aurantialba,Naemateliaceae,fungus,
snow-fungus,snow fungus,Tremella fuciformis,Tremellaceae,fungus,snow fungus;white fungus
pacific-golden-chanterelle,Pacific golden chanterelle,Cantharellus formosus,Cantharellaceae,fungus,
cinnabar-chanterelle,cinnabar chanterelle,Cantharellus cinnabarinus,Cantharellaceae,fungus,
smooth-chanterelle,smooth chanterelle,Cantharellus lateritius,Cantharellaceae,fungus,
chanterelle,chanterelle,Cantharellus cibarius,Cantharellaceae,fungus,chanterelle;rebozuelo;chantarela;cabrilla hongo;hongo cabrilla;seta cabrilla;anacate;hongo anacate;hongos anacate;seta anacate;setas anacate;rossinyol;duraznillo;hongo duraznillo;hongos duraznillo;seta duraznillo;setas duraznillo
winter-chanterelle,winter chanterelle,Craterellus tubaeformis,Cantharellaceae,fungus,
black-trumpet,black trumpet,Craterellus cornucopioides,Cantharellaceae,fungus,
hedgehog-mushroom,hedgehog mushroom,Hydnum repandum,Hydnaceae,fungus,
terracotta-hedgehog,terracotta hedgehog,Hydnum rufescens,Hydnaceae,fungus,
jelly-ear,jelly ear (cornea),Auricularia cornea,Auriculariaceae,fungus,
black-wood-ear,black wood ear,Auricularia heimuer,Auriculariaceae,fungus,
wood-ear,wood ear,Auricularia auricula-judae,Auriculariaceae,fungus,wood ear;black fungus;cloud ear
cloud-ear,cloud ear,Auricularia polytricha,Auriculariaceae,fungus,
bamboo-fungus,bamboo fungus,Phallus indusiatus,Phallaceae,fungus,
pigs-ear,pig's ear,Gomphus clavatus,Gomphaceae,fungus,
cauliflower-coral,cauliflower coral,Ramaria botrytis,Gomphaceae,fungus,
chaga,chaga,Inonotus obliquus,Hymenochaetaceae,fungus,
chicken-of-the-woods,chicken of the woods,Laetiporus sulphureus,Fomitopsidaceae,fungus,
cauliflower-fungus,cauliflower fungus,Sparassis crispa,Sparassidaceae,fungus,
white-pored-chicken-of-the-woods,white-pored chicken of the woods,Laetiporus cincinnatus,Fomitopsidaceae,fungus,
maitake,maitake,Grifola frondosa,Grifolaceae,fungus,maitake;hen of the woods
shingled-hedgehog,shingled hedgehog,Sarcodon imbricatus,Bankeraceae,fungus,
lingzhi,lingzhi,Ganoderma lingzhi,Ganodermataceae,fungus,
reishi,reishi,Ganoderma lucidum,Ganodermataceae,fungus,
dryads-saddle,dryad's saddle,Cerioporus squamosus,Polyporaceae,fungus,
hed-kradang,hed kradang,Lentinus polychrous,Polyporaceae,fungus,
lentinus,lentinus (tropical),Lentinus squarrosulus,Polyporaceae,fungus,tropical
turkey-tail,turkey tail,Trametes versicolor,Polyporaceae,fungus,
green-cracking-russula,green-cracking russula,Russula virescens,Russulaceae,fungus,
charcoal-burner,charcoal burner,Russula cyanoxantha,Russulaceae,fungus,
indigo-milk-cap,indigo milk cap,Lactarius indigo,Russulaceae,fungus,
false-saffron-milk-cap,false saffron milk cap,Lactarius deterrimus,Russulaceae,fungus,
saffron-milk-cap,saffron milk cap,Lactarius deliciosus,Russulaceae,fungus,níscalo;robellón;rovellón;rovelló;mízcalo;hongo níscalo;hongos níscalo;seta níscalo;setas níscalo;hongo robellón;hongos robellón;seta robellón;setas robellón;hongo mízcalo;hongos mízcalo;seta mízcalo;setas mízcalo;lactario;hongo lactario;hongos lactario;seta lactario;setas lactario;hongo de leche;hongos de leche;seta de leche;setas de leche;pinatell;esne gorri;esne gorria;níscalo naranja;níscalos naranja;robellón naranja;robellones naranja;mízcalo naranja;mízcalos naranja
weeping-milk-cap,weeping milk cap,Lactifluus volemus,Russulaceae,fungus,
lions-mane,lion's mane,Hericium erinaceus,Hericiaceae,fungus,lion's mane
coral-tooth,coral tooth,Hericium coralloides,Hericiaceae,fungus,
sheep-polypore,sheep polypore,Albatrellus ovinus,Albatrellaceae,fungus,
bay-bolete,bay bolete,Imleria badia,Boletaceae,fungus,
old-man-of-the-woods,old man of the woods,Strobilomyces strobilaceus,Boletaceae,fungus,
porcini,porcini,Boletus edulis,Boletaceae,fungus,porcini;cep;penny bun;boleto;hongo porcini;hongos porcini;seta porcini;setas porcini;hongo de pino;hongos de pino;seta de pino;setas de pino;boletus;hongo calabaza;hongos calabaza;seta calabaza;setas calabaza;cèpe;porcino;hongo boletus;hongos boletus;seta boletus;setas boletus;hongo de calabaza;hongos de calabaza;seta de calabaza;setas de calabaza;hongo pambazo;hongos pambazo;pambazo hongo;pambazos hongo
pine-bolete,pine bolete,Boletus pinophilus,Boletaceae,fungus,
bronze-bolete,bronze bolete,Boletus aereus,Boletaceae,fungus,
summer-bolete,summer bolete,Boletus reticulatus,Boletaceae,fungus,
birch-bolete,birch bolete,Leccinum scabrum,Boletaceae,fungus,
orange-birch-bolete,orange birch bolete,Leccinum aurantiacum,Boletaceae,fungus,
chestnut-bolete,chestnut bolete,Gyroporus castaneus,Gyroporaceae,fungus,
black-bolete,black bolete (Thai),Phlebopus portentosus,Boletinellaceae,fungus,Thai
weeping-bolete,weeping bolete,Suillus granulatus,Suillaceae,fungus,boleto granulado;boletos granulados;hongo de pino granulado;hongos de pino granulados;seta de pino granulada;setas de pino granuladas;hongo de pino sin anillo;hongos de pino sin anillo;seta de pino sin anillo;setas de pino sin anillo;boleto llorón;boletos llorones;hongo llorón;hongos llorones;seta llorona;setas lloronas
jersey-cow-bolete,jersey cow bolete,Suillus bovinus,Suillaceae,fungus,
slippery-jack,slippery jack,Suillus luteus,Suillaceae,fungus,hongo de pino chileno;hongos de pino chilenos;callampa de pino;callampas de pino;boleto anillado;boletos anillados;hongo de pino seco;hongos de pino secos;seta de pino seca;setas de pino secas;babosa;hongo babosa;hongos babosa;boleto babosa;boletos babosa;hongo de pino con anillo;hongos de pino con anillo;seta de pino con anillo;setas de pino con anillo;hongo pino;hongos pino;seta pino;setas pino
copper-spike,copper spike,Chroogomphus rutilus,Gomphidiaceae,fungus,
pink-waxcap,pink waxcap,Hygrophorus russula,Hygrophoraceae,fungus,
giant-oyster,giant oyster,Pleurotus giganteus,Pleurotaceae,fungus,
phoenix-oyster,phoenix oyster,Pleurotus pulmonarius,Pleurotaceae,fungus,
king-oyster,king oyster,Pleurotus eryngii,Pleurotaceae,fungus,seta de cardo;setas de cardo;hongo de cardo;hongos de cardo;gírgola de cardo;eringi;eryngii;hongo rey;hongos rey;seta rey;setas rey;king oyster;champiñón rey;hongo trompeta real;seta trompeta real
oyster-mushroom,oyster mushroom,Pleurotus ostreatus,Pleurotaceae,fungus,oyster mushroom;gírgola;seta de ostra;setas de ostra;hongo ostra;hongos ostra;champiñón ostra;seta ostra;orellana;hongo de ostra;hongos de ostra;pleuroto;gírgola de ostra;hongo ostión;hongos ostión;seta ostrera;setas ostreras
pink-oyster,pink oyster,Pleurotus djamor,Pleurotaceae,fungus,
golden-oyster,golden oyster,Pleurotus citrinopileatus,Pleurotaceae,fungus,
branched-oyster,branched oyster,Pleurotus cornucopiae,Pleurotaceae,fungus,
split-gill,split gill,Schizophyllum commune,Schizophyllaceae,fungus,
beefsteak-fungus,beefsteak fungus,Fistulina hepatica,Fistulinaceae,fungus,
straw-mushroom,straw mushroom,Volvariella volvacea,Pluteaceae,fungus,
american-caesar,American Caesar,Amanita jacksonii,Amanitaceae,fungus,
caesars-mushroom,Caesar's mushroom,Amanita caesarea,Amanitaceae,fungus,
blusher,blusher,Amanita rubescens,Amanitaceae,fungus,
pioppino,pioppino,Cyclocybe aegerita,Strophariaceae,fungus,
nameko,nameko,Pholiota nameko,Strophariaceae,fungus,
chestnut-mushroom,chestnut mushroom (adiposa),Pholiota adiposa,Strophariaceae,fungus,
wine-cap,wine cap,Stropharia rugosoannulata,Strophariaceae,fungus,
sheathed-woodtuft,sheathed woodtuft,Kuehneromyces mutabilis,Strophariaceae,fungus,
almond-mushroom,almond mushroom (blazei),Agaricus subrufescens,Agaricaceae,fungus,blazei
button,button / cremini / portobello,Agaricus bisporus,Agaricaceae,fungus,cremini;portobello;button;mushroom;mushrooms;portabella;champignon;champiñón;portobelo;crimini;hongo;seta;callampa;champiñón café
field-mushroom,field mushroom,Agaricus campestris,Agaricaceae,fungus,
horse-mushroom,horse mushroom,Agaricus arvensis,Agaricaceae,fungus,
the-prince,the prince,Agaricus augustus,Agaricaceae,fungus,
parasol-mushroom,parasol mushroom,Macrolepiota procera,Agaricaceae,fungus,
giant-puffball,giant puffball,Calvatia gigantea,Agaricaceae,fungus,
common-puffball,common puffball,Lycoperdon perlatum,Agaricaceae,fungus,
shaggy-ink-cap,shaggy ink cap,Coprinus comatus,Agaricaceae,fungus,
hon-shimeji,hon-shimeji,Lyophyllum shimeji,Lyophyllaceae,fungus,
buna-shimeji,buna-shimeji,Hypsizygus tessellatus,Lyophyllaceae,fungus,
termite-mushroom,termite mushroom,Termitomyces robustus,Lyophyllaceae,fungus,
giant-termite-mushroom,giant termite mushroom,Termitomyces titanicus,Lyophyllaceae,fungus,
st-georges-mushroom,St George's mushroom,Calocybe gambosa,Lyophyllaceae,fungus,
american-matsutake,American matsutake,Tricholoma murrillianum,Tricholomataceae,fungus,
matsutake,matsutake,Tricholoma matsutake,Tricholomataceae,fungus,
field-blewit,field blewit,Lepista personata,Tricholomataceae,fungus,
wood-blewit,wood blewit,Lepista nuda,Tricholomataceae,fungus,
enoki,enoki (cultivated),Flammulina filiformis,Physalacriaceae,fungus,
velvet-shank,velvet shank,Flammulina velutipes,Physalacriaceae,fungus,enoki;enokitake
honey-fungus,honey fungus,Armillaria mellea,Physalacriaceae,fungus,
dark-honey-fungus,dark honey fungus,Armillaria ostoyae,Physalacriaceae,fungus,
butter-cap,butter cap,Rhodocollybia butyracea,Omphalotaceae,fungus,
shiitake,shiitake,Lentinula edodes,Omphalotaceae,fungus,shiitake;shitake;hongo shiitake;hongos shiitake;seta shiitake;setas shiitake;champiñón shiitake;champiñones shiitake;hongo japonés;hongos japoneses;seta japonesa;setas japonesas;hongo chino;hongos chinos;seta china;setas chinas
fairy-ring-champignon,fairy ring champignon,Marasmius oreades,Marasmiaceae,fungus,
cheese-rind-yeast,cheese-rind yeast,Debaryomyces hansenii,Debaryomycetaceae,fungus,
brett,brett,Brettanomyces bruxellensis,Pichiaceae,fungus,
wine-yeast,wine yeast,Saccharomyces bayanus,Saccharomycetaceae,fungus,
lager-yeast,lager yeast,Saccharomyces pastorianus,Saccharomycetaceae,fungus,
bakers-yeast,baker's / brewer's yeast,Saccharomyces cerevisiae,Saccharomycetaceae,fungus,brewer's yeast;baker's;yeast;bread;beer;wine;sourdough;leavened;levadura;levadura de cerveza;levadura de pan;masa madre;pan con levadura;pan de levadura;pan de masa madre;fermento;fermento de pan;fermento de cerveza;fermento de trigo;fermento de centeno;fermento de cebada;fermento de avena;fermento de maíz;fermento de arroz;fermento de papa;fermento de yuca;fermento de plátano;fermento de banana;fermento de manzana;fermento de uva;fermento de pera;fermento de durazno;fermento de ciruela;fermento de cereza;fermento de higo;fermento de dátil;fermento de pasas;fermento de miel;fermento de azúcar;fermento de panela;fermento de piloncillo;fermento de chancaca;fermento de rapadura;fermento de papelón;fermento de melaza;fermento de caña;fermento de agave;fermento de maguey;fermento de aguamiel;fermento de nopal;fermento de tuna;fermento de xoconostle;fermento de garambullo;fermento de pitaya;fermento de pitahaya;fermento de saguaro;fermento de cardón
torulaspora,torulaspora (wine),Torulaspora delbrueckii,Saccharomycetaceae,fungus,wine
kefir-yeast,kefir yeast (marxianus),Kluyveromyces marxianus,Saccharomycetaceae,fungus,
kefir-yeast-2,kefir yeast,Kluyveromyces lactis,Saccharomycetaceae,fungus,
cheese-mould,cheese mould (geotrichum),Geotrichum candidum,Dipodascaceae,fungus,
orange-peel-fungus,orange peel fungus,Aleuria aurantia,Pyronemataceae,fungus,
scarlet-elf-cup,scarlet elf cup,Sarcoscypha coccinea,Sarcoscyphaceae,fungus,
false-morel,false morel (processed),Gyromitra esculenta,Discinaceae,fungus,
landscape-morel,landscape morel,Morchella importuna,Morchellaceae,fungus,
american-yellow-morel,American yellow morel,Morchella americana,Morchellaceae,fungus,
black-morel,black morel,Morchella elata,Morchellaceae,fungus,
morel,morel,Morchella esculenta,Morchellaceae,fungus,morel;morels;colmenilla;morilla;morchela;hongo morilla;hongos morilla;seta morilla;setas morilla;hongo colmenilla;hongos colmenilla;seta colmenilla;setas colmenilla;cagarria;múrgula;hongo elote;hongos elote;seta elote;setas elote;mazorquita;hongo mazorquita;hongos mazorquita;seta mazorquita;setas mazorquita
oregon-white-truffle,Oregon white truffle,Tuber oregonense,Tuberaceae,fungus,
chinese-truffle,Chinese truffle,Tuber indicum,Tuberaceae,fungus,
summer-truffle,summer truffle,Tuber aestivum,Tuberaceae,fungus,
white-truffle,white truffle,Tuber magnatum,Tuberaceae,fungus,white truffle;trufa blanca;trufas blancas;trufa de alba;trufas de alba;trufa piamontesa;trufas piamontesas;trufa italiana;trufas italianas;sal de trufa blanca;mantequilla de trufa blanca;crema de trufa blanca;salsa de trufa blanca;miel de trufa blanca;queso con trufa blanca;paté de trufa blanca;pasta con trufa blanca;huevo con trufa blanca;tortilla con trufa blanca;tortillas con trufa blanca;papas con trufa blanca;patatas con trufa blanca;puré con trufa blanca;carne con trufa blanca;pollo con trufa blanca;crema con trufa blanca;salsa con trufa blanca;mantequilla con trufa blanca;queso con trufas blancas;miel con trufa blanca;sal con trufa blanca
black-truffle,black truffle,Tuber melanosporum,Tuberaceae,fungus,black truffle;truffle;trufa;hongo trufa;hongos trufa;seta trufa;setas trufa;sal de trufa;mantequilla de trufa;manteca de trufa;crema de trufa;salsa de trufa;miel de trufa;queso con trufa;paté de trufa;pasta con trufa;huevo con trufa;tortilla con trufa;tortillas con trufa;papas con trufa;patatas con trufa;puré con trufa;carne con trufa;pollo con trufa;crema con trufa;salsa con trufa;mantequilla con trufa;miel con trufa;sal con trufa
bianchetto-truffle,bianchetto truffle,Tuber borchii,Tuberaceae,fungus,
diguene,digüeñe,Cyttaria espinosae,Cyttariaceae,fungus,digüeñe;dihueñe;diweñe;pinatra;quideñe;hongo del hualle;hongos del hualle;hongo del roble chileno;hongos del roble chileno;digüeñes con cebolla;digüeñes con cilantro;digüeñes con limón;digüeñes con ají;digüeñes con tomate;digüeñes con huevo;digüeñes con queso;digüeñes con pan;digüeñes con papas;digüeñes con arroz;digüeñes con carne;digüeñes con pollo;digüeñes con crema;digüeñes con salsa;digüeñes con sal;digüeñes con pimienta;digüeñes con merkén;digüeñes con orégano;digüeñes con perejil;digüeñes con ajo;digüeñes con mantequilla;digüeñes con manteca;digüeñes con leche;digüeñes con yogur;digüeñes con miel;digüeñes con azúcar;digüeñes con canela;digüeñes con vainilla;digüeñes con chocolate;digüeñes con café;digüeñes con té;digüeñes con mate;digüeñes con vino;digüeñes con cerveza;digüeñes con pisco;digüeñes con chicha
oncom-mould,oncom mould (intermedia),Neurospora intermedia,Sordariaceae,fungus,
oncom-mould-2,oncom mould,Neurospora sitophila,Sordariaceae,fungus,
lobster-mushroom,lobster mushroom,Hypomyces lactifluorum,Hypocreaceae,fungus,
mycoprotein,mycoprotein (Quorn),Fusarium venenatum,Nectriaceae,fungus,Quorn;mycoprotein;quorn
caterpillar-fungus,caterpillar fungus,Ophiocordyceps sinensis,Ophiocordycipitaceae,fungus,
cordyceps,cordyceps,Cordyceps militaris,Cordycipitaceae,fungus,
red-yeast-rice,red yeast rice,Monascus purpureus,Monascaceae,fungus,
awamori-koji,awamori koji,Aspergillus luchuensis,Aspergillaceae,fungus,
koji,koji,Aspergillus oryzae,Aspergillaceae,fungus,koji mold;koji;miso;soy sauce;sake;mirin
soy-sauce-koji,soy sauce koji,Aspergillus sojae,Aspergillaceae,fungus,
salami-mould,salami mould,Penicillium nalgiovense,Aspergillaceae,fungus,
blue-cheese-mould,blue cheese mould,Penicillium roqueforti,Aspergillaceae,fungus,blue cheese mold;blue cheese;roquefort;gorgonzola;stilton
camembert-mould,camembert mould,Penicillium camemberti,Aspergillaceae,fungus,camembert mold;brie;camembert
